amount,block_trade_id,block_trade_leg_count,combo_id,combo_trade_id,contracts,direction,index_price,instrument_name,iv,liquidation,mark_price,price,tick_direction,timestamp,trade_id,trade_seq
0.1,,,,,0.1,sell,69500.99,BTC-16MAR24-69500-P,50.72,,0.00655083,0.006,2,1710547191815,291590167,108
0.1,,,,,0.1,sell,69500.99,BTC-16MAR24-69500-C,48.82,,0.00678036,0.006,0,1710547191796,291590166,188
0.1,,,,,0.1,buy,69497.76,BTC-29MAR24-67000-C,74.1,,0.08059488,0.0805,0,1710547190919,291590165,468
1.0,,,,,1.0,sell,69439.54,BTC-29MAR24-68000-P,74.15,,0.04194494,0.042,2,1710547186106,291590109,885
1.0,,,,,1.0,sell,69439.54,BTC-29MAR24-70000-P,73.74,,0.05549847,0.0555,2,1710547185983,291590101,1048
1.0,,,,,1.0,sell,69439.54,BTC-29MAR24-69000-P,74.0,,0.04838339,0.0485,0,1710547185827,291590092,303
0.1,,,,,0.1,buy,69439.54,BTC-5APR24-65000-C,74.41,,0.11319934,0.113,3,1710547185775,291590089,81
0.2,,,,,0.2,sell,69426.47,BTC-17MAR24-67000-P,65.51,,0.00359039,0.0037,0,1710547185351,291590078,128
0.4,,,,,0.4,sell,69395.77,BTC-5APR24-64000-C,75.02,,0.12261507,0.1225,2,1710547152972,291590027,65
1.0,,,,,1.0,buy,69399.2,BTC-29MAR24-66000-C,74.15,,0.088913,0.0885,2,1710547145694,291590026,95
0.1,,,,,0.1,buy,69398.63,BTC-17MAR24-67500-P,60.87,,0.00468673,0.0045,0,1710547143442,291590025,135
0.1,,,,,0.1,sell,69396.15,BTC-17MAR24-72000-C,58.98,,0.00323923,0.003,2,1710547142023,291590023,197
0.2,,,,,0.2,buy,69359.81,BTC-5APR24-82000-C,75.76,,0.02076713,0.021,0,1710547110368,291589985,78
1.2,,,,,1.2,buy,69413.86,BTC-17MAR24-61000-P,103.71,,0.00045801,0.0004,3,1710547085467,291589948,58
0.1,,,,,0.1,sell,69450.43,BTC-31MAY24-25000-P,99.1,,0.00113416,0.0008,2,1710547044294,291589853,59
2.0,,,,,2.0,sell,69435.17,BTC-18MAR24-69500-P,62.33,,0.01992501,0.0195,0,1710547004230,291589760,6
0.3,,,,,0.3,sell,69492.07,BTC-17MAR24-68500-C,58.56,,0.02291118,0.023,1,1710546976370,291589618,68
0.1,,,,,0.1,sell,69539.41,BTC-31MAY24-95000-C,79.22,,0.05558445,0.0555,2,1710546962252,291589548,214
3.1,,,,,3.1,buy,69565.59,BTC-18MAR24-59000-P,102.75,,0.00078082,0.0006,3,1710546953929,291589541,46
0.5,,,,,0.5,sell,69558.88,BTC-5APR24-65000-P,74.39,,0.03513059,0.035,2,1710546952172,291589538,48
9.0,,,,,9.0,buy,69517.55,BTC-22MAR24-65000-P,80.25,,0.01464923,0.015,0,1710546939682,291589509,1411
5.0,,,,,5.0,sell,69520.72,BTC-18MAR24-60000-P,97.95,,0.00100132,0.0008,2,1710546937723,291589508,21
0.2,,,,,0.2,sell,69528.66,BTC-17MAR24-69500-P,54.68,,0.01292986,0.0125,1,1710546899959,291589476,96
0.2,,,,,0.2,sell,69525.38,BTC-22MAR24-62000-P,84.21,,0.00763226,0.0075,3,1710546898109,291589471,981
0.2,,,,,0.2,sell,69526.18,BTC-17MAR24-69500-C,55.13,,0.01434059,0.014,2,1710546896380,291589470,54
0.2,,,,,0.2,sell,69514.05,BTC-17MAR24-68500-P,55.81,,0.0074937,0.007,0,1710546893806,291589469,122
1.0,,,,,1.0,sell,69511.11,BTC-17MAR24-62000-P,96.53,,0.00064289,0.0005,2,1710546892651,291589468,35
5.0,,,,,5.0,sell,69510.55,BTC-22MAR24-70000-C,77.07,,0.03900352,0.0395,2,1710546891247,291589467,1415
0.2,,,,,0.2,sell,69510.55,BTC-17MAR24-71500-C,57.67,,0.00459865,0.0044,1,1710546890624,291589461,80
0.2,,,,,0.2,sell,69506.06,BTC-17MAR24-70500-C,56.18,,0.00825697,0.008,3,1710546888830,291589456,90
0.2,,,,,0.2,sell,69497.95,BTC-17MAR24-71000-C,57.03,,0.00615791,0.006,2,1710546887695,291589455,115
0.3,,,,,0.3,buy,69524.73,BTC-16MAR24-67000-P,75.77,,0.00059775,0.0005,3,1710546886514,291589453,325
0.4,,,,,0.4,buy,69524.73,BTC-5APR24-79000-C,74.33,,0.02890558,0.029,1,1710546885724,291589445,73
0.1,,,,,0.1,buy,69525.65,BTC-17MAR24-71000-P,55.87,,0.02639717,0.026,2,1710546881298,291589441,45
1.0,,,,,1.0,buy,69530.5,BTC-29MAR24-85000-C,81.47,,0.00862109,0.009,0,1710546861734,291589433,2705
0.1,,,,,0.1,sell,69525.66,BTC-16MAR24-71000-P,54.35,,0.02205625,0.022,2,1710546857463,291589431,126
0.9,,,,,0.9,buy,69508.35,BTC-22MAR24-92000-C,102.71,,0.00110552,0.0012,0,1710546855756,291589424,133
0.1,,,,,0.1,buy,69482.76,BTC-29MAR24-32000-P,151.51,,0.00024381,0.0002,0,1710546845824,291589409,1175
6.0,,,,,6.0,sell,69482.76,BTC-29MAR24-61000-P,78.89,,0.0136888,0.0135,2,1710546845530,291589408,1011
1.5,,,,,1.5,sell,69535.41,BTC-5APR24-54000-P,85.27,,0.00754982,0.0075,3,1710546798890,291589330,93
10.5,,,,,10.5,buy,69535.41,BTC-22MAR24-68000-P,77.16,,0.02766213,0.028,2,1710546798293,291589329,1045
0.4,,,,,0.4,buy,69542.43,BTC-16MAR24-66000-P,91.03,,0.00024792,0.0003,3,1710546797846,291589328,315
0.2,,,,,0.2,buy,69529.89,BTC-16MAR24-64000-P,126.37,,0.00015504,0.0002,3,1710546790316,291589318,284
0.1,,,,,0.1,sell,69535.56,BTC-18MAR24-69000-P,62.76,,0.01574525,0.0155,3,1710546789587,291589305,40
0.2,,,,,0.2,buy,69527.86,BTC-16MAR24-63000-P,146.72,,0.00014887,0.0002,2,1710546782809,291589293,240
2.1,,,,,2.1,buy,69531.72,BTC-17MAR24-70000-P,55.87,,0.01669732,0.0165,3,1710546766212,291589291,51
0.3,,,,,0.3,sell,69562.2,BTC-22MAR24-78000-C,82.76,,0.00923224,0.0095,1,1710546706153,291589212,839
0.1,,,,,0.1,sell,69562.2,BTC-5APR24-58000-P,79.66,,0.01309267,0.013,3,1710546705459,291589208,50
0.3,,,,,0.3,buy,69611.4,BTC-18MAR24-68500-P,63.61,,0.01255973,0.0125,0,1710546669461,291589162,19
0.3,,,,,0.3,sell,69624.61,BTC-5APR24-67000-P,73.57,,0.04452111,0.0445,1,1710546666065,291589151,65
0.5,,,,,0.5,buy,69670.67,BTC-5APR24-104000-C,87.57,,0.00307232,0.003,1,1710546642101,291589130,27
0.3,,,,,0.3,sell,69683.24,BTC-5APR24-77000-C,73.31,,0.03629119,0.036,1,1710546610408,291589079,113
0.5,,,,,0.5,buy,69683.24,BTC-18MAR24-80000-C,82.43,,0.00045153,0.0005,1,1710546609992,291589078,21
0.1,,,,,0.1,buy,69663.07,BTC-22MAR24-77000-C,81.27,,0.01139646,0.0115,0,1710546608467,291589067,418
0.9,,,,,0.9,buy,69617.9,BTC-18MAR24-69500-C,64.77,,0.02198935,0.0225,0,1710546586203,291589036,64
0.1,,,,,0.1,buy,69617.9,BTC-31MAY24-105000-C,81.43,,0.03831772,0.0385,0,1710546585853,291589031,204
0.2,,,,,0.2,buy,69594.04,BTC-29MAR24-38000-P,139.33,,0.00059846,0.0007,0,1710546553505,291588956,1541
0.1,,,,,0.1,sell,69593.45,BTC-22MAR24-64000-P,80.63,,0.01142434,0.0115,1,1710546547971,291588955,1131
0.7,,,,,0.7,sell,69592.26,BTC-22MAR24-66000-P,78.26,,0.01781246,0.018,2,1710546545560,291588950,921
12.6,,,,,12.6,buy,69589.5,BTC-17MAR24-66000-P,74.57,,0.00220305,0.0025,2,1710546515695,291588872,133
1.0,,,,,1.0,buy,69590.49,BTC-17MAR24-65000-P,82.29,,0.00156991,0.0018,2,1710546513579,291588870,225
11.0,,,,,11.0,sell,69602.03,BTC-22MAR24-75000-C,79.81,,0.01595675,0.0165,1,1710546504197,291588829,733
4.0,,,,,4.0,sell,69592.86,BTC-29MAR24-62000-P,77.46,,0.01561083,0.0155,2,1710546496139,291588798,1245
0.6,,,,,0.6,buy,69590.75,BTC-22MAR24-71000-C,76.91,,0.03273752,0.0335,0,1710546491848,291588792,758
0.2,,,,,0.2,buy,69582.31,BTC-18MAR24-72000-C,64.84,,0.00845795,0.0085,0,1710546491453,291588791,73
13.2,,,,,13.2,buy,69569.96,BTC-22MAR24-63000-P,83.01,,0.00917753,0.0095,0,1710546486630,291588763,1223
2.4,,,,,2.4,sell,69564.63,BTC-29MAR24-63000-P,76.59,,0.01853763,0.0185,2,1710546470741,291588749,1305
0.1,,,,,0.1,buy,69466.7,BTC-17MAR24-66500-P,68.31,,0.00286722,0.0029,3,1710546454372,291588615,23
0.5,,,,,0.5,buy,69494.25,BTC-31MAY24-140000-C,87.8,,0.01214202,0.012,1,1710546445804,291588518,200
0.1,,,,,0.1,buy,69537.24,BTC-16MAR24-69000-P,55.68,,0.00376014,0.0035,2,1710546444298,291588512,272
8.0,,,,,8.0,buy,69617.93,BTC-22MAR24-67000-P,77.0,,0.02174983,0.022,3,1710546397090,291588436,574
0.7,,,,,0.7,buy,69606.5,BTC-22MAR24-76000-C,80.02,,0.01317955,0.0135,1,1710546391733,291588423,1006
0.1,,,,,0.1,sell,69606.48,BTC-26APR24-100000-C,81.25,,0.01761646,0.0175,0,1710546374932,291588322,972
0.1,,,,,0.1,buy,69614.72,BTC-31MAY24-55000-P,78.16,,0.03709689,0.0375,0,1710546373525,291588318,127
1.0,,,,,1.0,sell,69626.26,BTC-26APR24-72000-C,74.29,,0.09773847,0.098,0,1710546341426,291588286,656
0.1,,,,,0.1,buy,69675.67,BTC-31MAY24-54000-P,78.36,,0.03371866,0.034,2,1710546331816,291588272,71
0.6,,,,,0.6,buy,69700.09,BTC-22MAR24-74000-C,77.33,,0.0192855,0.0195,0,1710546275161,291588178,1182
0.5,,,,,0.5,buy,69700.09,BTC-22MAR24-80000-C,83.49,,0.00639559,0.0065,0,1710546275011,291588177,1552
5.0,,,,,5.0,buy,69608.98,BTC-22MAR24-90000-C,97.79,,0.00129757,0.0014,0,1710546162187,291587853,256
0.2,,,,,0.2,buy,69608.98,BTC-22MAR24-88000-C,93.64,,0.00173307,0.0017,1,1710546161765,291587851,352
1.0,,,,,1.0,sell,69610.91,BTC-29MAR24-45000-P,117.61,,0.0015977,0.0016,3,1710546159479,291587834,2001
0.1,,,,,0.1,buy,69690.3,BTC-29MAR24-50000-P,104.39,,0.00272707,0.003,2,1710546073444,291587551,2139
0.8,,,,,0.8,buy,69690.3,BTC-29MAR24-48000-P,110.22,,0.00214262,0.0024,2,1710546073415,291587550,1393
0.2,,,,,0.2,sell,69699.68,BTC-17MAR24-68000-P,57.88,,0.00489011,0.0047,2,1710546034089,291587413,199
1.4,,,,,1.4,sell,69692.5,BTC-29MAR24-75000-C,72.62,,0.0305126,0.03,0,1710546027538,291587396,4536
1.0,,,,,1.0,buy,69665.19,BTC-22MAR24-67000-C,75.08,,0.06431391,0.064,3,1710546004036,291587334,563
0.4,,,,,0.4,buy,69602.97,BTC-16MAR24-66500-P,84.5,,0.00041385,0.0004,3,1710545984033,291587252,60
0.7,,,,,0.7,buy,69646.26,BTC-31MAY24-57000-P,77.54,,0.04400635,0.0445,2,1710545953670,291587200,87
0.2,,,,,0.2,sell,69664.85,BTC-5APR24-64000-P,74.04,,0.0295862,0.0295,0,1710545938964,291587180,103
0.5,,,,,0.5,sell,69696.57,BTC-22MAR24-61000-P,87.2,,0.0056307,0.006,2,1710545904299,291587082,758
1.0,,,,,1.0,sell,69681.5,BTC-26APR24-68000-C,74.16,,0.12540805,0.1255,0,1710545888498,291587019,605
0.1,,,,,0.1,sell,69728.86,BTC-17MAR24-64000-P,90.6,,0.0010104,0.0013,2,1710545880427,291586977,82
0.1,,,,,0.1,sell,69733.36,BTC-16MAR24-70000-C,49.87,,0.00494661,0.0045,0,1710545876568,291586956,230
1.4,,,,,1.4,buy,69726.19,BTC-28JUN24-140000-C,85.06,,0.02269555,0.0225,1,1710545875732,291586955,967
0.1,,,,,0.1,buy,69722.25,BTC-17MAR24-72500-C,58.91,,0.00273927,0.0027,0,1710545875343,291586954,111
0.5,,,,,0.5,buy,69685.45,BTC-22MAR24-94000-C,100.45,,0.00078942,0.0007,1,1710545859033,291586894,170
1.0,,,,,1.0,sell,69694.8,BTC-18MAR24-70000-C,63.37,,0.01883603,0.019,0,1710545852325,291586885,83
0.1,,,,,0.1,buy,69681.06,BTC-17MAR24-68000-C,59.47,,0.02977357,0.03,0,1710545851251,291586884,68
3.7,,,,,3.7,sell,69664.61,BTC-16MAR24-68000-P,70.27,,0.00130702,0.0014,3,1710545849808,291586871,318
5.0,,,,,5.0,buy,69664.61,BTC-29MAR24-90000-C,83.73,,0.00488881,0.0048,0,1710545849620,291586869,2417
0.2,,,,,0.2,buy,69651.34,BTC-17MAR24-73500-C,62.96,,0.00148729,0.0015,0,1710545835853,291586841,91
0.3,,,,,0.3,buy,69610.35,BTC-5APR24-76000-C,72.49,,0.03892069,0.039,0,1710545830110,291586825,78
0.3,,,,,0.3,buy,69568.4,BTC-18MAR24-71000-C,62.16,,0.01238476,0.012,1,1710545812249,291586760,27
14.1,,,,,14.1,buy,69521.87,BTC-22MAR24-69000-P,75.2,,0.0329417,0.0335,2,1710545798749,291586684,922
0.3,,,,,0.3,buy,69513.31,BTC-31MAY24-51000-P,79.49,,0.02559573,0.026,2,1710545774639,291586650,110
0.7,,,,,0.7,buy,69501.03,BTC-26APR24-75000-C,74.65,,0.07985602,0.0805,1,1710545758653,291586609,1312
0.7,,,,,0.7,buy,69533.65,BTC-22MAR24-56000-P,102.65,,0.00233679,0.0026,2,1710545714529,291586343,505
4.1,,,,,4.1,buy,69533.65,BTC-22MAR24-52000-P,116.74,,0.00121627,0.0014,3,1710545714526,291586342,486
0.1,,,,,0.1,sell,69515.22,BTC-28JUN24-75000-P,76.56,,0.17208496,0.1715,2,1710545686057,291586250,196
0.5,,,,,0.5,sell,69479.15,BTC-26APR24-46000-P,88.03,,0.00677146,0.007,2,1710545667797,291586162,353
0.1,,,,,0.1,buy,69476.67,BTC-31MAY24-53000-P,78.65,,0.03109536,0.0315,2,1710545665283,291586159,105
0.1,,,,,0.1,buy,69445.97,BTC-29MAR24-53000-P,95.85,,0.00401349,0.0044,2,1710545653526,291586113,1805
0.3,,,,,0.3,buy,69403.4,BTC-18MAR24-65500-P,70.54,,0.00415402,0.0041,2,1710545617794,291586028,15
0.2,,,,,0.2,sell,69483.92,BTC-5APR24-80000-C,73.32,,0.0251623,0.025,1,1710545596480,291585991,156
0.3,,,,,0.3,buy,69477.75,BTC-22MAR24-86000-C,89.24,,0.00218341,0.002,0,1710545584874,291585917,320
0.6,,,,,0.6,sell,69367.06,BTC-26APR24-68000-P,74.34,,0.07412279,0.0745,2,1710545545666,291585831,333
0.1,,,,,0.1,buy,69367.79,BTC-27DEC24-36000-P,80.11,,0.03199974,0.031,2,1710545506525,291585777,55
0.1,,,,,0.1,buy,69363.9,BTC-16MAR24-65000-P,106.71,,0.0001824,0.0003,3,1710545477285,291585727,398
1.0,,,,,1.0,sell,69355.23,BTC-17MAR24-67500-C,61.08,,0.03227778,0.0325,0,1710545453991,291585697,27
1.4,,,,,1.4,buy,69406.82,BTC-16MAR24-71500-C,65.63,,0.00056787,0.0007,0,1710545446780,291585651,235
0.1,,,,,0.1,buy,69443.04,BTC-5APR24-60000-P,77.29,,0.01720991,0.0175,2,1710545435303,291585632,89
1.0,,,,,1.0,buy,69432.43,BTC-16MAR24-71000-C,59.99,,0.00101314,0.0011,0,1710545422607,291585589,339
0.1,,,,,0.1,buy,69398.08,BTC-16MAR24-70500-C,53.57,,0.00175736,0.0016,0,1710545367353,291585347,158
0.1,,,,,0.1,buy,69398.08,BTC-28JUN24-80000-C,77.18,,0.13120939,0.131,0,1710545367171,291585341,1513
0.5,,,,,0.5,buy,69393.75,BTC-18MAR24-72500-C,63.58,,0.0064255,0.006,0,1710545363672,291585322,26
0.5,,,,,0.5,sell,69356.5,BTC-17MAR24-65500-P,75.63,,0.00198365,0.0022,3,1710545359537,291585297,55
0.1,,,,,0.1,buy,69306.26,BTC-27DEC24-50000-C,97.41,,0.44939408,0.49,0,1710545346367,291585219,405
0.5,,,,,0.5,sell,69245.7,BTC-17MAR24-69000-P,54.26,,0.01133159,0.011,2,1710545329489,291584974,101
0.3,,,,,0.3,sell,69181.18,BTC-26APR24-67000-P,74.06,,0.06947717,0.069,2,1710545293284,291584777,377
0.3,,,,,0.3,sell,69181.18,BTC-26APR24-66000-P,74.19,,0.06343103,0.063,2,1710545292646,291584760,409
0.3,,,,,0.3,sell,69100.71,BTC-26APR24-65000-P,74.1,,0.05774569,0.0575,2,1710545292107,291584722,839
0.1,,,,,0.1,sell,69093.44,BTC-16MAR24-69000-C,43.9,,0.0077138,0.0065,2,1710545271494,291584541,200
0.1,,,,,0.1,sell,69113.71,BTC-28JUN24-75000-C,76.44,,0.1538616,0.153,1,1710545270308,291584529,1899
0.8,,,,,0.8,buy,69221.22,BTC-17MAR24-70000-C,57.54,,0.00908151,0.0095,1,1710545218112,291584396,219
9.0,,,,,9.0,sell,69224.83,BTC-18MAR24-69000-C,62.42,,0.02241664,0.0225,0,1710545197904,291584383,17
0.5,,,,,0.5,buy,69201.17,BTC-17MAR24-69000-C,56.01,,0.01541867,0.0155,0,1710545170989,291584187,101
1.0,,,,,1.0,buy,69163.44,BTC-29MAR24-70000-C,72.03,,0.05364138,0.0535,0,1710545142441,291584132,5605
0.1,,,,,0.1,buy,69139.55,BTC-29MAR24-74000-C,72.28,,0.03189675,0.0315,1,1710545114171,291584097,414
0.1,,,,,0.1,sell,68951.25,BTC-16MAR24-68500-P,51.05,,0.00431493,0.0036,2,1710544989827,291583973,142
1.0,,,,,1.0,buy,68914.97,BTC-29MAR24-65000-C,73.54,,0.0932858,0.093,1,1710544987502,291583965,6006
0.1,,,,,0.1,sell,68938.74,BTC-18MAR24-73000-C,67.23,,0.00440352,0.0044,0,1710544959734,291583908,36
4.0,,,,,4.0,sell,68971.7,BTC-29MAR24-60000-P,78.81,,0.01225126,0.012,2,1710544870687,291583846,1735
2.0,,,,,2.0,sell,68921.85,BTC-22MAR24-70000-P,72.53,,0.0448505,0.044,2,1710544823577,291583830,927
1.2,,,,,1.2,sell,68917.53,BTC-22MAR24-69000-C,72.72,,0.04057106,0.04,1,1710544802577,291583815,906
4.5,,,,,4.5,sell,68917.89,BTC-17MAR24-75000-C,74.17,,0.00068394,0.0006,3,1710544783456,291583811,248
2.0,,,,,2.0,buy,68906.32,BTC-27DEC24-40000-P,79.76,,0.04464566,0.044,2,1710544766852,291583805,184
0.6,,,,,0.6,buy,68915.21,BTC-28JUN24-160000-C,88.46,,0.01358451,0.014,1,1710544758280,291583800,191
0.1,,,,,0.1,buy,68914.86,BTC-5APR24-94000-C,81.59,,0.00581258,0.006,1,1710544646310,291583683,28
0.5,,,,,0.5,buy,68962.15,BTC-5APR24-73000-C,71.85,,0.04952843,0.0495,0,1710544575477,291583630,77
0.4,,,,,0.4,sell,68927.67,BTC-18MAR24-67500-P,62.0,,0.0110043,0.0105,3,1710544534819,291583594,38
357.4,,,,,357.4,sell,68930.45,BTC-17MAR24-77000-C,86.95,,0.00044315,0.0004,1,1710544524176,291583586,32
0.9,,,,,0.9,sell,68982.32,BTC-22MAR24-59000-P,89.19,,0.00449718,0.0043,2,1710544402938,291583466,627
1.0,,,,,1.0,buy,68997.59,BTC-18MAR24-67000-P,63.92,,0.00879806,0.0085,2,1710544385087,291583420,44
0.4,,,,,0.4,buy,68886.1,BTC-18MAR24-66500-P,66.01,,0.00761683,0.0075,3,1710544225651,291583312,38
0.3,,,,,0.3,buy,68917.2,BTC-26APR24-78000-C,75.19,,0.06317369,0.0635,0,1710544186280,291583263,412
0.2,,,,,0.2,buy,68869.66,BTC-16MAR24-72000-C,74.81,,0.00022815,0.0003,0,1710544133164,291583223,216
0.9,,,,,0.9,sell,68855.35,BTC-26APR24-94000-C,79.97,,0.02318693,0.0235,1,1710544042374,291583121,19
0.3,,,,,0.3,sell,68836.33,BTC-29MAR24-77000-C,73.52,,0.02044303,0.02,1,1710543809422,291582925,819
0.8,,,,,0.8,sell,68813.32,BTC-28JUN24-33000-P,87.02,,0.00597442,0.0055,1,1710543798462,291582901,362
0.1,,,,,0.1,sell,68859.58,BTC-17MAR24-74500-C,69.58,,0.00072323,0.0006,2,1710543780890,291582840,42
0.1,,,,,0.1,buy,68850.63,BTC-5APR24-90000-C,79.12,,0.00836408,0.0085,0,1710543753661,291582830,112
0.1,,,,,0.1,buy,68910.82,BTC-18MAR24-70500-C,62.6,,0.01172119,0.0115,1,1710543712217,291582795,53
0.2,,,,,0.2,sell,68969.33,BTC-29MAR24-67000-P,72.36,,0.03794678,0.0375,2,1710543671008,291582668,715
0.1,,,,,0.1,sell,69047.15,BTC-26APR24-80000-C,75.69,,0.05604571,0.0565,0,1710543616195,291582386,1441
0.1,,,,,0.1,buy,69110.41,BTC-26APR24-72000-P,74.32,,0.10555093,0.106,0,1710543577692,291582285,422
1.3,,,,,1.3,buy,69093.1,BTC-28JUN24-65000-P,76.56,,0.10136326,0.1025,2,1710543551746,291582266,435
1.0,,,,,1.0,buy,69091.5,BTC-28JUN24-70000-P,76.5,,0.13559805,0.1365,2,1710543548430,291582265,415
0.1,,,,,0.1,sell,69097.61,BTC-5APR24-72000-C,72.05,,0.05582303,0.056,0,1710543532732,291582221,121
2.0,,,,,2.0,buy,69125.74,BTC-31MAY24-80000-C,76.96,,0.10023575,0.1005,0,1710543466501,291582057,675
0.1,,,,,0.1,buy,69122.69,BTC-17MAR24-76000-C,81.11,,0.00051977,0.0006,3,1710543407628,291581785,71
2.0,,,,,2.0,sell,68935.86,BTC-16MAR24-62000-P,135.36,,0.00011947,0.0001,3,1710543304757,291581440,111
0.5,,,,,0.5,sell,68856.6,BTC-26APR24-69000-P,74.02,,0.08440405,0.0845,2,1710543079318,291581288,399
0.1,,,,,0.1,buy,68880.99,BTC-18MAR24-68000-P,62.42,,0.0137247,0.0135,1,1710543047937,291581209,27
0.1,,,,,0.1,sell,68893.19,BTC-18MAR24-76000-C,74.89,,0.00142956,0.0015,1,1710543046206,291581207,14
0.6,,,,,0.6,buy,68933.7,BTC-16MAR24-68500-C,57.24,,0.01104559,0.011,1,1710542970700,291581098,188
0.6,,,,,0.6,buy,68820.04,BTC-28JUN24-60000-P,76.39,,0.07442824,0.0745,2,1710542914352,291580993,717
0.1,,,,,0.1,sell,68807.0,BTC-18MAR24-64000-P,74.85,,0.00322646,0.0031,2,1710542845938,291580835,33
0.3,,,,,0.3,sell,68861.35,BTC-5APR24-66000-P,72.72,,0.04271958,0.0425,2,1710542765157,291580686,73
0.3,,,,,0.3,sell,68734.48,BTC-26APR24-64000-P,74.22,,0.05416,0.054,0,1710542662586,291580298,397
0.6,,,,,0.6,buy,68748.86,BTC-31MAY24-120000-C,84.54,,0.02136563,0.0215,2,1710542555298,291579948,275
0.7,,,,,0.7,buy,68727.69,BTC-5APR24-74000-C,72.07,,0.04353129,0.0435,0,1710542546836,291579923,110
0.6,,,,,0.6,buy,68727.69,BTC-5APR24-71000-C,71.84,,0.05953309,0.0595,0,1710542546717,291579922,65
0.1,,,,,0.1,sell,68812.42,BTC-31MAY24-115000-C,83.06,,0.02542129,0.025,2,1710542441903,291579703,114
0.1,,,,,0.1,sell,68812.42,BTC-16MAR24-66500-C,81.06,,0.03474919,0.035,2,1710542441591,291579702,42
1.0,,,,,1.0,sell,68782.27,BTC-26APR24-70000-P,73.83,,0.0925918,0.0925,2,1710542436936,291579641,749
0.5,,,,,0.5,buy,68698.11,BTC-18MAR24-68500-C,62.13,,0.02264465,0.0225,0,1710542392506,291579526,21
0.2,,,,,0.2,sell,68680.28,BTC-22MAR24-78000-P,81.09,,0.13781173,0.1375,0,1710542340174,291579408,2
0.1,,,,,0.1,sell,68680.28,BTC-22MAR24-84000-C,88.62,,0.00267104,0.0025,0,1710542340174,291579407,959
0.1,,,,,0.1,sell,68680.28,BTC-22MAR24-84000-P,90.33,,0.22025557,0.22,0,1710542340103,291579406,2
0.1,,,,,0.1,sell,68658.56,BTC-22MAR24-82000-C,85.03,,0.00360955,0.0033,2,1710542334924,291579372,864
0.1,,,,,0.1,sell,68658.56,BTC-22MAR24-82000-P,87.63,,0.19231356,0.1925,0,1710542334871,291579371,3
0.1,,,,,0.1,sell,68653.28,BTC-22MAR24-86000-P,94.68,,0.24900583,0.249,0,1710542334196,291579368,2
1.0,,,,,1.0,buy,68622.26,BTC-31MAY24-42000-P,83.64,,0.01056108,0.0105,0,1710542316230,291579352,160
0.2,,,,,0.2,sell,68522.68,BTC-5APR24-73000-P,72.53,,0.0975179,0.098,3,1710542264101,291579223,91
0.2,,,,,0.2,buy,68381.63,BTC-22MAR24-65000-C,76.79,,0.07187189,0.072,1,1710542199159,291579141,755
0.5,,,,,0.5,sell,68354.84,BTC-31MAY24-47000-P,81.09,,0.01873216,0.019,3,1710542058406,291579089,123
0.3,,,,,0.3,buy,68354.8,BTC-29MAR24-69000-C,72.91,,0.05522518,0.0555,2,1710541968599,291579052,227
1.0,,,,,1.0,sell,68358.99,BTC-16MAR24-70000-P,61.87,,0.02472661,0.025,3,1710541933155,291579038,194
0.1,,,,,0.1,buy,68340.64,BTC-22MAR24-72000-C,75.5,,0.0208463,0.021,0,1710541875498,291579015,1146
0.1,,,,,0.1,buy,68388.49,BTC-22MAR24-68000-C,75.48,,0.04447169,0.045,0,1710541811175,291578944,1147
0.1,,,,,0.1,buy,68385.5,BTC-5APR24-84000-C,76.03,,0.01439842,0.0145,1,1710541793063,291578940,59
0.1,,,,,0.1,sell,68519.03,BTC-29MAR24-57000-P,81.95,,0.00796289,0.0075,2,1710541380925,291578326,848
0.1,,,,,0.1,sell,68524.03,BTC-31MAY24-100000-C,80.01,,0.04284237,0.0425,3,1710541376559,291578325,258
0.1,,,,,0.1,sell,68506.51,BTC-22MAR24-73000-C,74.98,,0.01795751,0.0175,3,1710541372152,291578321,786
0.1,,,,,0.1,sell,68506.51,BTC-22MAR24-73000-P,76.3,,0.07850427,0.0785,2,1710541372096,291578320,153
0.1,,,,,0.1,sell,68497.05,BTC-22MAR24-75000-P,78.35,,0.10192421,0.102,2,1710541371502,291578315,20
0.1,,,,,0.1,sell,68495.38,BTC-22MAR24-76000-P,79.52,,0.11425555,0.1145,0,1710541349605,291578284,156
0.1,,,,,0.1,sell,68467.44,BTC-26APR24-59000-P,76.07,,0.03346579,0.0335,3,1710541323356,291578245,471
0.2,,,,,0.2,sell,68465.34,BTC-27SEP24-65000-C,78.57,,0.28523519,0.287,1,1710541314836,291578241,725
0.1,,,,,0.1,buy,68465.01,BTC-26APR24-71000-P,74.09,,0.10268668,0.103,3,1710541264128,291578149,346
0.1,,,,,0.1,sell,68468.07,BTC-22MAR24-77000-P,81.22,,0.12787574,0.128,0,1710541257659,291578114,6
0.1,,,,,0.1,sell,68399.84,BTC-31MAY24-110000-C,82.05,,0.02938007,0.029,2,1710541155224,291577934,108
0.5,,,,,0.5,buy,68360.14,BTC-26APR24-105000-C,82.73,,0.0118163,0.0115,3,1710541094252,291577881,517
6.0,,,,,6.0,sell,68332.5,BTC-16MAR24-67500-P,64.64,,0.00401988,0.0037,2,1710541003143,291577826,118
0.1,,,,,0.1,buy,68352.39,BTC-16MAR24-73500-C,92.24,,5.206e-05,0.0001,3,1710540956482,291577775,254
0.1,,,,,0.1,sell,68384.78,BTC-27DEC24-150000-C,84.49,,0.10493251,0.104,2,1710540928317,291577759,96
2.2,,,,,2.2,buy,68376.71,BTC-29MAR24-37000-P,135.02,,0.00046753,0.0005,3,1710540920010,291577751,1357
0.7,,,,,0.7,sell,68366.72,BTC-31MAY24-38000-P,87.61,,0.00698625,0.007,1,1710540880837,291577685,184
0.3,,,,,0.3,buy,68355.96,BTC-5APR24-75000-C,72.5,,0.03765501,0.0375,1,1710540855325,291577666,90
0.2,,,,,0.2,buy,68348.51,BTC-31MAY24-77000-C,77.07,,0.10972871,0.1105,0,1710540853876,291577656,138
0.1,,,,,0.1,sell,68348.51,BTC-27DEC24-100000-C,81.46,,0.1949293,0.197,0,1710540853234,291577654,814
1.0,,,,,1.0,sell,68304.4,BTC-31MAY24-44000-P,83.07,,0.01398338,0.014,0,1710540803032,291577645,216
0.1,,,,,0.1,sell,68320.14,BTC-26APR24-95000-C,79.6,,0.02064508,0.0205,2,1710540784679,291577591,612
0.1,,,,,0.1,sell,68288.07,BTC-16MAR24-68000-C,56.54,,0.01094929,0.01,3,1710540693450,291577507,209
0.1,,,,,0.1,buy,68347.87,BTC-31MAY24-74000-C,76.74,,0.12460346,0.1255,1,1710540652449,291577468,95
0.1,,,,,0.1,buy,68280.62,BTC-18MAR24-66000-C,66.04,,0.04324293,0.043,0,1710540517357,291577319,2
0.1,,,,,0.1,sell,68268.24,BTC-16MAR24-65000-C,94.55,,0.04897483,0.049,0,1710540469140,291577294,57
1.0,,,,,1.0,sell,68269.33,BTC-29MAR24-63000-C,75.5,,0.10771569,0.108,0,1710540361787,291577140,841
0.1,,,,,0.1,sell,68305.26,BTC-31MAY24-76000-C,76.6,,0.11403051,0.1145,0,1710540261483,291577040,181
3.0,,,,,3.0,sell,68282.59,BTC-26APR24-62000-P,74.39,,0.04641685,0.046,2,1710540215436,291577010,355
0.1,,,,,0.1,buy,68268.72,BTC-29MAR24-60000-C,77.45,,0.14233348,0.142,3,1710540203982,291576999,6042
0.1,,,,,0.1,buy,68268.7,BTC-18MAR24-65000-P,69.33,,0.00565112,0.0055,2,1710540202710,291576998,51
0.2,,,,,0.2,buy,68268.76,BTC-18MAR24-71500-C,64.83,,0.00651024,0.006,3,1710540200742,291576996,38
0.1,,,,,0.1,sell,68269.45,BTC-29MAR24-73000-C,73.13,,0.03245213,0.0325,0,1710540164715,291576981,365
0.1,,,,,0.1,buy,68261.05,BTC-16MAR24-73000-C,85.0,,0.00010153,0.0001,3,1710540119849,291576961,419
0.7,,,,,0.7,sell,68279.29,BTC-31MAY24-40000-P,86.1,,0.00888334,0.009,3,1710540091477,291576920,163
0.1,,,,,0.1,sell,68286.12,BTC-16MAR24-66000-C,86.3,,0.0352441,0.0355,0,1710540052292,291576871,50
0.6,,,,,0.6,sell,68267.7,BTC-5APR24-68000-P,72.31,,0.05910439,0.059,2,1710540042180,291576765,74
0.6,,,,,0.6,buy,68267.7,BTC-18MAR24-68000-C,63.7,,0.0236066,0.0235,0,1710540041696,291576744,18
0.1,,,,,0.1,buy,68276.09,BTC-29MAR24-58000-P,81.99,,0.0097241,0.01,2,1710539890500,291576538,1026
0.2,,,,,0.2,sell,68242.99,BTC-16MAR24-72500-C,77.43,,0.00018766,0.0001,3,1710539797726,291576463,238
0.9,,,,,0.9,sell,68232.45,BTC-29MAR24-59000-P,78.32,,0.01158097,0.011,2,1710539725271,291576386,864
0.1,,,,,0.1,buy,67980.68,BTC-16MAR24-67500-C,66.88,,0.01327249,0.013,2,1710539605156,291576121,159
0.4,,,,,0.4,sell,67959.36,BTC-5APR24-56000-P,79.47,,0.01172992,0.0115,0,1710539602749,291576107,68
0.1,,,,,0.1,buy,67931.76,BTC-5APR24-98000-C,86.48,,0.00401747,0.0042,1,1710539554284,291576063,13
0.1,,,,,0.1,buy,67939.6,BTC-5APR24-102000-C,89.51,,0.00303235,0.0032,3,1710539522007,291576051,49
0.1,,,,,0.1,sell,68019.52,BTC-29MAR24-80000-C,76.41,,0.01251857,0.012,2,1710539411771,291575854,4096
0.1,,,,,0.1,buy,68017.63,BTC-5APR24-100000-C,87.97,,0.00353071,0.0037,1,1710539410264,291575852,22
0.4,,,,,0.4,buy,68053.41,BTC-26APR24-70000-C,73.77,,0.09968957,0.0995,2,1710539155887,291575714,1930
150.0,BLOCK-132286,2,BTC-PS-29MAR24-65000_55000,,150.0,sell,68084.8,BTC-29MAR24-55000-P,86.46,,0.00651663,0.0062,0,1710539123917,291575707,1401
150.0,BLOCK-132286,2,BTC-PS-29MAR24-65000_55000,,150.0,buy,68084.8,BTC-29MAR24-65000-P,74.47,,0.03225125,0.0327,0,1710539123917,291575708,1484
0.1,,,,,0.1,buy,68024.52,BTC-22MAR24-60000-P,84.92,,0.00682531,0.0065,2,1710538846145,291575524,785
0.9,,,,,0.9,buy,68234.84,BTC-5APR24-96000-C,84.56,,0.00487128,0.005,3,1710538691332,291575201,20
1.0,,,,,1.0,sell,68174.82,BTC-29MAR24-33000-C,0.0,,0.52046591,0.518,0,1710538613595,291575075,603
0.3,,,,,0.3,buy,68138.81,BTC-28JUN24-120000-C,84.02,,0.03610369,0.037,1,1710538574519,291574964,1315
0.7,,,,,0.7,buy,68139.16,BTC-31MAY24-52000-P,77.94,,0.03163468,0.031,3,1710538567933,291574954,135
1.0,,,,,1.0,sell,68139.54,BTC-29MAR24-28000-C,0.0,,0.59282471,0.591,0,1710538561314,291574951,539
0.4,,,,,0.4,sell,68129.58,BTC-5APR24-69000-C,72.04,,0.06914328,0.0685,2,1710538547774,291574928,103
0.1,,,,,0.1,buy,68126.37,BTC-28JUN24-65000-C,75.78,,0.20779296,0.208,0,1710538516660,291574784,3093
0.2,,,,,0.2,buy,68098.54,BTC-28JUN24-115000-C,83.34,,0.04150048,0.0425,3,1710538464117,291574760,267
0.1,,,,,0.1,buy,68099.08,BTC-27DEC24-70000-C,78.52,,0.30852119,0.309,2,1710538440237,291574757,507
0.1,,,,,0.1,buy,68079.78,BTC-28JUN24-105000-C,81.7,,0.05583458,0.0565,2,1710538403848,291574721,298
1.0,,,,,1.0,sell,68116.46,BTC-26APR24-84000-C,76.32,,0.04068244,0.04,1,1710538389440,291574677,251
0.5,,,,,0.5,sell,68119.0,BTC-26APR24-79000-C,75.1,,0.05609688,0.0555,1,1710538387287,291574672,99
0.1,,,,,0.1,buy,68062.39,BTC-17MAR24-73000-C,68.32,,0.00116185,0.001,0,1710538323158,291574602,115
4.0,,,,,4.0,buy,68080.25,BTC-26APR24-66000-C,73.96,,0.1291966,0.1285,3,1710538286560,291574464,420
0.3,,,,,0.3,buy,68051.04,BTC-29MAR24-55000-C,86.46,,0.20541842,0.205,3,1710538266450,291574375,4412
1.1,,,,,1.1,buy,67993.84,BTC-5APR24-68000-C,73.05,,0.07573028,0.0755,2,1710538239413,291574280,65
6.0,,,,,6.0,sell,67993.84,BTC-27SEP24-54000-P,77.85,,0.08380437,0.083,2,1710538239258,291574279,29
0.1,,,,,0.1,buy,67988.77,BTC-16MAR24-67000-C,71.51,,0.01951922,0.019,3,1710538237183,291574277,83
0.7,,,,,0.7,buy,67916.03,BTC-5APR24-69000-P,73.75,,0.06966077,0.07,0,1710538205538,291574123,50
0.1,,,,,0.1,sell,68071.67,BTC-26APR24-43000-C,89.44,,0.39310908,0.392,2,1710538099440,291573781,308
1.0,,,,,1.0,buy,68182.67,BTC-27SEP24-65000-P,77.3,,0.14637689,0.1465,2,1710537988665,291573538,84
0.9,,,,,0.9,buy,68259.46,BTC-27SEP24-80000-C,78.15,,0.20219381,0.202,1,1710537917485,291573471,535
0.1,,,,,0.1,sell,68249.92,BTC-26APR24-69000-C,74.52,,0.10846289,0.1085,1,1710537810149,291573133,388
1.1,,,,,1.1,sell,68259.59,BTC-5APR24-78000-C,74.21,,0.02775295,0.0275,2,1710537809258,291573121,104
0.6,,,,,0.6,sell,68266.92,BTC-28JUN24-200000-C,93.85,,0.00645061,0.0065,3,1710537775635,291573084,175
0.1,,,,,0.1,sell,68249.61,BTC-26APR24-53000-P,79.74,,0.01767833,0.0175,0,1710537734400,291573026,295
1.0,,,,,1.0,sell,68226.1,BTC-29MAR24-56000-P,87.53,,0.00800463,0.008,0,1710537723799,291573006,683
0.3,,,,,0.3,sell,68219.68,BTC-26APR24-57000-P,76.87,,0.02787115,0.0275,1,1710537719251,291572992,388
0.5,,,,,0.5,buy,68187.2,BTC-28JUN24-54000-P,76.75,,0.04961923,0.049,3,1710537492848,291572589,144
0.9,,,,,0.9,sell,68147.26,BTC-18MAR24-66500-C,68.67,,0.0375794,0.0375,1,1710537321133,291572365,10
0.5,,,,,0.5,sell,68155.66,BTC-26APR24-54000-P,78.48,,0.0199182,0.0195,0,1710537280706,291572316,705
100.0,BLOCK-132277,2,BTC-CS-31MAY24-75000_80000,,100.0,buy,68205.5,BTC-31MAY24-75000-C,76.47,,0.11871849,0.1188,2,1710536998531,291571869,267
0.5,,,,,0.5,buy,68205.7,BTC-28JUN24-58000-P,76.42,,0.06719389,0.067,2,1710536997540,291571864,262
0.5,,,,,0.5,buy,68137.83,BTC-28JUN24-56000-P,76.73,,0.0582722,0.058,2,1710536956351,291571790,152
0.1,,,,,0.1,sell,68141.25,BTC-26APR24-71000-C,74.68,,0.09490029,0.095,3,1710536851953,291571650,328
0.1,,,,,0.1,sell,68084.54,BTC-26APR24-67000-C,74.4,,0.12175378,0.1215,1,1710536609729,291571068,359
0.5,,,,,0.5,sell,68096.72,BTC-28JUN24-100000-C,80.73,,0.06599242,0.0655,0,1710536565865,291570842,1686
3.8,,,,,3.8,buy,68027.67,BTC-29MAR24-71000-C,74.7,,0.04212769,0.0425,2,1710536527928,291570780,187
0.1,,,,,0.1,buy,67982.0,BTC-31MAY24-94000-C,80.14,,0.05306386,0.054,0,1710536499076,291570744,33
0.1,,,,,0.1,buy,67831.22,BTC-31MAY24-90000-C,79.21,,0.06178047,0.0625,2,1710536427570,291570601,199
0.2,,,,,0.2,buy,67853.47,BTC-18MAR24-79000-C,87.31,,0.00050109,0.0005,3,1710536404921,291570563,9
0.1,,,,,0.1,sell,67796.86,BTC-26APR24-61000-P,75.8,,0.0447998,0.045,1,1710536336696,291570450,404
1.0,,,,,1.0,sell,67774.24,BTC-5APR24-66000-C,74.39,,0.09010679,0.0905,1,1710536323441,291570414,105
0.3,,,,,0.3,sell,67816.98,BTC-26APR24-82000-C,76.35,,0.04519957,0.045,0,1710536285856,291570352,369
0.1,,,,,0.1,buy,67882.6,BTC-26APR24-49000-P,83.37,,0.01147884,0.0115,0,1710536121972,291569934,515
0.1,,,,,0.1,buy,67905.66,BTC-31MAY24-60000-P,76.07,,0.06414429,0.064,0,1710536101866,291569827,223
0.5,,,,,0.5,sell,67910.82,BTC-29MAR24-76000-C,76.03,,0.02135004,0.0215,0,1710536101624,291569823,331
0.2,,,,,0.2,sell,67899.84,BTC-5APR24-62000-P,75.21,,0.02921412,0.029,2,1710536088704,291569792,90
0.1,,,,,0.1,buy,67861.38,BTC-31MAY24-88000-C,78.63,,0.06691006,0.0675,2,1710535989442,291569519,91
0.5,,,,,0.5,sell,67920.08,BTC-29MAR24-51000-P,100.12,,0.0041204,0.0045,0,1710535830398,291568906,1223
0.7,,,,,0.7,sell,67818.92,BTC-18MAR24-62000-P,82.4,,0.00281206,0.0027,0,1710535813398,291568621,40
0.1,,,,,0.1,buy,67645.35,BTC-26APR24-74000-C,75.11,,0.07476319,0.0755,0,1710535803653,291568426,596
0.1,,,,,0.1,buy,67645.35,BTC-26APR24-73000-C,74.91,,0.07985548,0.0805,2,1710535803600,291568425,391
0.1,,,,,0.1,buy,67645.35,BTC-26APR24-86000-C,77.76,,0.03404605,0.0345,2,1710535803596,291568424,253
0.2,,,,,0.2,buy,67645.35,BTC-26APR24-76000-C,75.26,,0.0655171,0.066,2,1710535803467,291568402,562
0.1,,,,,0.1,buy,67477.83,BTC-29MAR24-42000-P,124.34,,0.00135276,0.0015,0,1710535778500,291568073,1528
1.5,,,,,1.5,buy,67519.04,BTC-5APR24-63000-P,74.47,,0.03517748,0.035,0,1710535766262,291567746,13
0.1,,,,,0.1,sell,67552.15,BTC-27SEP24-39000-C,81.69,,0.50620082,0.506,0,1710535753583,291567567,50
6.0,,,,,6.0,sell,67610.67,BTC-29MAR24-68000-C,73.69,,0.05837933,0.058,2,1710535750710,291567483,930
0.1,,,,,0.1,buy,67715.88,BTC-28JUN24-57000-P,76.57,,0.06480848,0.0645,0,1710535728697,291567278,111
1.7,,,,,1.7,sell,67800.49,BTC-31MAY24-85000-C,77.93,,0.07546709,0.076,3,1710535675818,291566778,215
0.3,,,,,0.3,buy,67926.35,BTC-26APR24-88000-C,78.11,,0.03094182,0.031,1,1710535572385,291566168,182
0.3,,,,,0.3,buy,67926.35,BTC-26APR24-85000-C,77.24,,0.03741331,0.0375,2,1710535572341,291566165,794
5.0,,,BTC-CS-27DEC24-100000_120000,291565959,5.0,sell,67849.47,BTC-27DEC24-120000-C,82.44,,0.14689957,0.1465,2,1710535531082,291565960,364
0.1,,,,,0.1,buy,67735.03,BTC-5APR24-92000-C,82.12,,0.00614511,0.0065,3,1710535516931,291565838,27
1.7,,,,,1.7,sell,67667.85,BTC-29MAR24-72000-C,74.09,,0.03505137,0.035,2,1710535503178,291565567,1021
0.1,,,,,0.1,sell,67696.8,BTC-22MAR24-57000-P,94.95,,0.00407799,0.0043,1,1710535486624,291565470,539
8.0,,,,,8.0,buy,67830.33,BTC-18MAR24-67500-C,65.88,,0.02513261,0.025,2,1710535448896,291565109,28
0.1,,,,,0.1,buy,67720.95,BTC-18MAR24-75000-C,78.96,,0.00146457,0.0018,1,1710535431817,291565007,14
0.9,,,,,0.9,sell,67736.92,BTC-27DEC24-80000-C,79.7,,0.26151983,0.262,2,1710535424105,291564851,464
0.1,,,,,0.1,sell,67749.57,BTC-28JUN24-85000-C,78.39,,0.10386981,0.104,2,1710535423626,291564847,1316
0.1,,,,,0.1,sell,67775.12,BTC-28JUN24-55000-C,76.76,,0.29069644,0.29,2,1710535421878,291564828,1853
0.6,,,,,0.6,buy,67864.63,BTC-16MAR24-74000-C,99.75,,2.308e-05,0.0001,3,1710535304922,291564257,189
1.0,,,,,1.0,sell,68267.3,BTC-17MAR24-67000-C,64.44,,0.02813693,0.028,1,1710534969028,291562149,12
0.1,,,,,0.1,buy,68312.09,BTC-5APR24-70000-C,72.88,,0.06356486,0.064,2,1710534949538,291561911,122
0.2,,,,,0.2,sell,68306.85,BTC-18MAR24-66000-P,69.03,,0.00896196,0.009,1,1710534869396,291561396,30
3.8,,,,,3.8,buy,68155.98,BTC-27SEP24-100000-C,80.27,,0.1349271,0.134,1,1710534838384,291561220,791
1.2,,,,,1.2,sell,68110.13,BTC-27SEP24-90000-C,79.78,,0.16576585,0.165,2,1710534823565,291561188,285
0.1,,,,,0.1,sell,68062.79,BTC-29MAR24-66000-P,73.52,,0.03836307,0.038,0,1710534807185,291560997,296
0.1,,,,,0.1,buy,68470.74,BTC-29MAR24-27000-C,0.0,,0.60941789,0.609,0,1710534297016,291559234,341
0.5,,,,,0.5,sell,68382.44,BTC-31MAY24-45000-P,82.38,,0.01543104,0.0155,0,1710534245503,291559088,97
0.1,,,,,0.1,sell,68363.06,BTC-26APR24-58000-P,76.53,,0.03070497,0.0305,0,1710534237917,291559061,453
0.1,,,,,0.1,buy,68336.84,BTC-29MAR24-62000-C,76.62,,0.12008567,0.12,0,1710534232029,291559023,736
0.5,,,,,0.5,sell,68249.4,BTC-28JUN24-90000-C,79.91,,0.09226932,0.092,2,1710533891670,291557863,930
0.1,,,,,0.1,buy,67935.08,BTC-16MAR24-74500-C,103.48,,1.745e-05,0.0001,3,1710533726821,291557150,177
0.2,,,,,0.2,sell,67959.32,BTC-29MAR24-59000-C,75.69,,0.15238758,0.15,2,1710533719472,291557126,1049
0.3,,,,,0.3,buy,67929.6,BTC-29MAR24-49000-C,95.08,,0.28837371,0.287,0,1710533698130,291556988,931
0.2,,,,,0.2,sell,67992.38,BTC-22MAR24-54000-P,100.26,,0.00214655,0.0019,3,1710533680767,291556952,571
0.1,,,,,0.1,sell,68033.15,BTC-18MAR24-63000-P,80.96,,0.00352983,0.0038,0,1710533669000,291556936,17
1.7,,,,,1.7,buy,67980.77,BTC-17MAR24-76500-C,90.89,,0.00023317,0.0005,1,1710533653312,291556903,13
8.2,,,,,8.2,sell,67964.84,BTC-29MAR24-44000-P,114.14,,0.00162966,0.0014,2,1710533513631,291556148,1589
1.0,,,,,1.0,buy,67986.93,BTC-26APR24-120000-C,90.04,,0.00553801,0.006,2,1710533480941,291555907,618
0.3,,,,,0.3,buy,67992.76,BTC-26APR24-77000-C,75.64,,0.06360262,0.064,2,1710533477028,291555836,265
0.2,,,,,0.2,sell,67812.24,BTC-22MAR24-66000-C,74.78,,0.05765404,0.0565,2,1710533435840,291555380,283
0.5,,,,,0.5,sell,67754.57,BTC-5APR24-70000-P,72.48,,0.07951433,0.0795,0,1710533397392,291554578,87
0.1,,,,,0.1,sell,67655.89,BTC-22MAR24-50000-P,111.27,,0.00122501,0.0009,3,1710533390554,291554359,395
0.1,,,,,0.1,buy,67822.73,BTC-27DEC24-47000-P,79.62,,0.07482454,0.0755,0,1710533373876,291554087,50
0.1,,,,,0.1,sell,67935.66,BTC-31MAY24-67000-C,76.45,,0.1655037,0.166,2,1710533360100,291553604,83
12.0,,,,,12.0,buy,68039.64,BTC-27DEC24-55000-P,77.89,,0.11460922,0.1125,1,1710533352384,291553373,161
0.4,,,,,0.4,sell,68034.79,BTC-26APR24-90000-C,78.93,,0.02783192,0.028,2,1710533345466,291553181,741
1.0,,,,,1.0,sell,68197.16,BTC-29MAR24-100000-C,94.63,,0.00160313,0.0016,0,1710533292990,291552494,2178
1.0,,,,,1.0,sell,68203.23,BTC-17MAR24-60000-P,106.53,,0.00061278,0.0007,0,1710533292571,291552488,35
5.0,,,,,5.0,sell,68268.29,BTC-18MAR24-61000-P,85.61,,0.00191938,0.0015,0,1710533263097,291552202,12
0.5,,,,,0.5,buy,68614.59,BTC-16MAR24-73500-P,0.0,M,0.07125195,0.0705,2,1710533203841,291551446,48
0.8,,,,,0.8,sell,68643.65,BTC-18MAR24-67000-C,67.21,,0.03716292,0.037,1,1710533181790,291551390,16
3.3,,,,,3.3,sell,68665.16,BTC-26APR24-60000-C,76.72,,0.18908766,0.1895,1,1710532986576,291550587,1606
0.1,,,,,0.1,sell,68563.05,BTC-26APR24-38000-P,100.76,,0.00328138,0.0033,1,1710532755582,291549142,362
0.1,,,,,0.1,sell,68673.45,BTC-22MAR24-72000-P,74.33,,0.06658966,0.066,0,1710532671706,291548681,341
0.2,,,,,0.2,sell,68586.33,BTC-27DEC24-240000-C,88.8,,0.04499876,0.045,2,1710532648825,291548467,182
0.6,,,,,0.6,sell,68757.83,BTC-26APR24-44000-C,89.48,,0.38503384,0.3845,1,1710532588840,291548146,130
0.1,,,,,0.1,sell,68742.75,BTC-28JUN24-55000-P,77.94,,0.05336197,0.053,1,1710532563285,291547902,509
0.1,,,,,0.1,buy,68782.2,BTC-16MAR24-75000-C,96.59,,4.003e-05,0.0001,3,1710532504764,291547139,324
0.1,,,,,0.1,buy,68801.2,BTC-17MAR24-74000-C,68.17,,0.00110318,0.001,2,1710532453295,291546733,112
0.1,,,,,0.1,buy,68667.65,BTC-22MAR24-58000-P,91.87,,0.00395037,0.004,0,1710532258153,291544251,527
0.1,,,,,0.1,buy,68792.0,BTC-28JUN24-110000-C,83.47,,0.05167307,0.0525,0,1710532247019,291543886,277
1.0,,,,,1.0,sell,68855.0,BTC-17MAR24-78000-C,76.67,,0.00012286,0.0001,3,1710532235696,291543760,23
0.1,,,,,0.1,sell,69097.68,BTC-17MAR24-79000-C,81.42,,7.331e-05,0.0001,3,1710532109036,291542329,9
0.1,,,,,0.1,buy,69135.47,BTC-17MAR24-63000-P,89.91,,0.00125754,0.0012,0,1710532095731,291542290,52
8.2,,,,,8.2,sell,69134.26,BTC-17MAR24-75500-C,72.61,,0.00056848,0.0006,2,1710532093882,291542281,41
2.0,,,,,2.0,sell,69204.09,BTC-17MAR24-77500-C,76.49,,0.00024121,0.0002,2,1710532071978,291541908,17
1.0,,,,,1.0,sell,69424.74,BTC-16MAR24-75500-C,93.6,,0.00011849,0.0001,3,1710531995717,291541178,108
0.1,,,,,0.1,buy,69481.64,BTC-31MAY24-86000-C,78.23,,0.08044494,0.0805,0,1710531967472,291541119,52
0.1,,,,,0.1,sell,69533.08,BTC-29MAR24-71000-P,70.83,,0.06221383,0.061,2,1710531706330,291540325,175
0.2,,,,,0.2,sell,69511.91,BTC-27DEC24-75000-C,79.55,,0.29297519,0.295,1,1710531646771,291539802,344
0.1,,,,,0.1,buy,69486.61,BTC-28JUN24-40000-P,83.17,,0.01281742,0.0125,2,1710531615535,291539657,785
0.1,,,,,0.1,buy,69533.5,BTC-18MAR24-64500-P,76.31,,0.00351233,0.0033,2,1710531592832,291539546,2
2.8,,,,,2.8,buy,69653.33,BTC-26APR24-40000-P,97.05,,0.00362423,0.0036,2,1710531541364,291539364,525
0.2,,,,,0.2,sell,69821.34,BTC-5APR24-71000-P,71.71,,0.06978052,0.0695,3,1710531277270,291538768,57
0.2,,,,,0.2,sell,69805.49,BTC-16MAR24-70500-P,65.1,,0.01644262,0.016,0,1710530888943,291537505,104
0.1,,,,,0.1,sell,69842.91,BTC-27DEC24-300000-P,89.45,,2.80465569,2.8035,0,1710530827012,291537087,14
1.0,,,,,1.0,buy,69902.57,BTC-27DEC24-160000-C,84.82,,0.0970916,0.097,0,1710530721915,291536708,280
6.3,,,,,6.3,sell,69681.47,BTC-5APR24-86000-C,75.29,,0.01333844,0.0135,2,1710530649675,291536295,77
0.2,,,,,0.2,sell,69821.32,BTC-31MAY24-82000-C,77.32,,0.09681651,0.096,2,1710530614474,291536162,69
0.3,,,,,0.3,sell,69811.36,BTC-31MAY24-69000-P,76.66,,0.1087216,0.109,2,1710530584635,291535966,94
5.0,,,,,5.0,buy,69889.6,BTC-16MAR24-60000-P,159.08,,4.172e-05,0.0001,3,1710530532797,291535758,17
0.4,,,,,0.4,sell,70015.58,BTC-5APR24-88000-C,75.99,,0.01124541,0.0115,3,1710530411797,291534912,46
0.5,,,,,0.5,buy,70133.74,BTC-31MAY24-72000-C,76.3,,0.14838208,0.1475,3,1710530356985,291534789,307
1.0,,,,,1.0,buy,70133.85,BTC-29MAR24-120000-C,108.45,,0.00043672,0.0005,1,1710530290035,291534583,1106
0.2,,,,,0.2,sell,70246.4,BTC-26APR24-47000-P,87.41,,0.00752243,0.0075,2,1710530270768,291534510,341
0.3,,,,,0.3,sell,70335.3,BTC-27SEP24-125000-C,84.39,,0.09511313,0.0965,0,1710530142149,291533985,117
0.1,,,,,0.1,buy,70338.22,BTC-22MAR24-71000-P,72.04,,0.04000787,0.0405,2,1710530036020,291533528,472
0.2,,,,,0.2,sell,70552.99,BTC-18MAR24-70000-P,63.08,,0.0164049,0.0165,1,1710529939528,291532803,2
0.1,,,,,0.1,buy,70552.99,BTC-31MAY24-96000-C,80.52,,0.05782265,0.0585,0,1710529939393,291532777,26
0.5,,,,,0.5,sell,70361.16,BTC-28JUN24-70000-C,76.95,,0.19155856,0.1915,0,1710529824788,291531868,2260
0.1,,,,,0.1,buy,70360.48,BTC-17MAR24-70500-P,62.01,,0.01639323,0.0165,0,1710529823090,291531866,37
0.5,,,,,0.5,sell,70360.34,BTC-29MAR24-33000-P,147.19,,0.00020658,0.0002,3,1710529820547,291531864,875
0.1,,,,,0.1,sell,70416.31,BTC-26APR24-20000-P,137.8,,0.00021973,0.0002,2,1710529753397,291531390,144
1.0,,,,,1.0,buy,70096.78,BTC-26APR24-140000-C,94.39,,0.00287915,0.003,0,1710529603044,291530219,212
0.5,,,,,0.5,sell,70182.07,BTC-27DEC24-125000-C,83.1,,0.14690325,0.148,0,1710529559014,291529326,149
0.1,,,,,0.1,buy,70284.68,BTC-29MAR24-47000-P,114.11,,0.00186158,0.0021,3,1710529375274,291527818,1285
2.5,,,,,2.5,buy,70517.21,BTC-26APR24-56000-P,79.29,,0.02014539,0.0205,2,1710529303241,291526952,368
0.1,,,,,0.1,buy,70484.37,BTC-31MAY24-65000-C,77.04,,0.19939084,0.2,0,1710529263048,291526078,181
0.1,,,,,0.1,sell,70444.44,BTC-31MAY24-56000-P,78.52,,0.03931642,0.0395,2,1710529256315,291525935,118
0.1,,,,,0.1,buy,70209.73,BTC-18MAR24-74000-C,62.49,,0.00481832,0.0047,2,1710529198960,291525368,16
1.3,,,,,1.3,buy,70240.99,BTC-29MAR24-43000-P,123.75,,0.00103981,0.0012,2,1710529141900,291525138,1723
0.1,,,,,0.1,buy,70173.35,BTC-29MAR24-73000-P,71.71,,0.07224597,0.0725,2,1710529093367,291524675,70
1.0,,,,,1.0,buy,70312.42,BTC-27DEC24-300000-C,89.32,,0.02891747,0.0285,1,1710529022251,291523968,74
0.2,,,,,0.2,sell,70322.41,BTC-26APR24-44000-P,92.02,,0.0052191,0.0055,3,1710528897696,291521889,466
0.3,,,,,0.3,buy,70230.94,BTC-27SEP24-240000-C,88.98,,0.01894089,0.0185,1,1710528888494,291521739,23
0.2,,,,,0.2,buy,70130.15,BTC-27DEC24-240000-P,84.52,,2.05195793,2.045,2,1710528847722,291521186,86
0.3,,,,,0.3,sell,69985.74,BTC-26APR24-60000-P,76.7,,0.03290309,0.033,2,1710528819239,291520863,1167
0.3,,,,,0.3,buy,69840.55,BTC-22MAR24-74000-P,71.54,,0.07173202,0.072,2,1710528738944,291520333,91
0.2,,,,,0.2,sell,69598.57,BTC-26APR24-73000-P,74.59,,0.1095816,0.11,3,1710528633074,291519329,259
6.0,,,,,6.0,sell,69593.07,BTC-29MAR24-39000-P,127.55,,0.00062895,0.0005,2,1710528605510,291519206,1353
0.1,,,,,0.1,sell,69573.66,BTC-29MAR24-36000-P,139.64,,0.00044083,0.0004,3,1710528579674,291519083,1569
1.0,,,,,1.0,sell,69523.22,BTC-26APR24-74000-P,74.47,,0.11883642,0.119,2,1710528506507,291518283,295
0.2,,,,,0.2,sell,69369.63,BTC-29MAR24-35000-P,144.51,,0.00035592,0.0004,3,1710528480571,291517938,2092
0.1,,,,,0.1,sell,69101.95,BTC-26APR24-55000-P,78.87,,0.02039035,0.0205,2,1710528179583,291515403,529
12.5,BLOCK-132254,2,BTC-CS-26APR24-65000_69000,,12.5,buy,68964.54,BTC-26APR24-65000-C,74.04,,0.1447502,0.1439,0,1710528136967,291514810,2111
0.4,,,,,0.4,sell,68820.94,BTC-29MAR24-41000-P,128.17,,0.00107908,0.0011,3,1710528078577,291514242,1805
0.9,,,,,0.9,buy,68820.94,BTC-29MAR24-53000-C,93.69,,0.24173407,0.242,1,1710528078350,291514237,1860
12.5,BLOCK-132253,2,BTC-CS-31MAY24-73000_81000,,12.5,buy,68541.75,BTC-31MAY24-73000-C,76.98,,0.13232892,0.1332,0,1710527913883,291513762,155
12.5,BLOCK-132253,2,BTC-CS-31MAY24-73000_81000,,12.5,sell,68541.75,BTC-31MAY24-81000-C,77.59,,0.09407961,0.0947,0,1710527913883,291513763,15
0.5,,,,,0.5,sell,68425.56,BTC-26APR24-50000-P,82.18,,0.01212828,0.012,2,1710527463382,291512880,638
0.2,,,,,0.2,sell,68416.69,BTC-29MAR24-52000-P,95.89,,0.00418148,0.0043,2,1710527454701,291512866,1320
1.0,,,,,1.0,sell,68390.91,BTC-22MAR24-48000-P,127.05,,0.00108969,0.0009,3,1710527407834,291512854,210
1.0,,,,,1.0,buy,68411.76,BTC-27SEP24-120000-C,84.05,,0.09656864,0.0985,0,1710527219715,291512744,396
1.0,,,,,1.0,sell,68413.16,BTC-29MAR24-49000-P,102.01,,0.0029178,0.0027,2,1710526840734,291512432,969
5.9,,,,,5.9,sell,68448.67,BTC-26APR24-48000-P,84.33,,0.00954587,0.0095,2,1710526807185,291512298,382
0.1,,,,,0.1,sell,68397.43,BTC-27SEP24-53000-P,79.06,,0.07842203,0.0785,2,1710526535001,291511924,19
0.5,,,,,0.5,sell,68402.79,BTC-31MAY24-46000-P,82.23,,0.01735844,0.0175,3,1710526329328,291511799,102
0.1,,,,,0.1,buy,68325.37,BTC-27DEC24-90000-C,81.03,,0.22536302,0.2295,0,1710526210871,291511600,324
0.1,,,,,0.1,sell,68350.65,BTC-26APR24-52000-P,79.79,,0.01548863,0.015,2,1710525899602,291510857,475
0.1,,,,,0.1,buy,68275.1,BTC-27SEP24-200000-C,87.9,,0.02826133,0.0285,2,1710525700352,291510319,64
5.0,,,,,5.0,buy,68252.26,BTC-27SEP24-140000-C,84.48,,0.0673424,0.068,0,1710525461600,291510196,441
0.5,,,,,0.5,sell,68128.62,BTC-28JUN24-45000-P,80.66,,0.02316873,0.023,2,1710524961556,291509708,554
0.5,,,,,0.5,sell,68103.08,BTC-28JUN24-30000-P,93.55,,0.00476118,0.005,0,1710524551965,291509353,664
0.2,,,,,0.2,buy,68303.34,BTC-29MAR24-54000-P,91.92,,0.00584487,0.006,3,1710523925042,291508746,884
0.4,,,,,0.4,sell,68265.36,BTC-26APR24-63000-P,74.9,,0.05243383,0.052,3,1710523916533,291508708,370
8.4,BLOCK-132250,4,,,8.4,buy,68161.16,BTC-27SEP24-75000-C,78.1,,0.22829189,0.2265,0,1710523628955,291508333,531
8.4,BLOCK-132250,4,,,8.4,sell,68161.16,BTC-27SEP24-105000-C,81.46,,0.12473092,0.1242,0,1710523628955,291508332,123
6.0,,,,,6.0,buy,67985.42,BTC-27DEC24-49000-P,77.82,,0.08167816,0.081,2,1710522892917,291507340,45
6.0,,,,,6.0,buy,67856.02,BTC-27DEC24-50000-P,77.9,,0.08671004,0.0865,2,1710522710269,291507003,203
1.0,,,,,1.0,sell,67717.42,BTC-27DEC24-65000-C,78.39,,0.33462679,0.336,0,1710522519695,291506813,241
0.7,,,,,0.7,sell,68185.59,BTC-29MAR24-29000-P,153.74,,0.00020873,0.0001,3,1710521402068,291504202,978
1.0,,,,,1.0,buy,68181.47,BTC-28JUN24-37000-P,85.21,,0.01066616,0.01,3,1710521379390,291504153,350
0.2,,,,,0.2,buy,68207.48,BTC-26APR24-59000-C,75.27,,0.19606159,0.1945,1,1710521355934,291504130,77
2.0,,,,,2.0,buy,68227.11,BTC-28JUN24-49000-P,79.98,,0.03328929,0.034,2,1710521340324,291504098,179
0.4,,,,,0.4,buy,68240.73,BTC-28JUN24-47000-P,79.77,,0.02780595,0.0275,2,1710521307606,291504022,152
0.3,,,,,0.3,sell,68345.49,BTC-18MAR24-78000-C,72.19,,0.00052923,0.0004,2,1710521157100,291503311,4
0.1,,,,,0.1,sell,68265.83,BTC-18MAR24-77000-C,71.03,,0.00069931,0.0006,3,1710520930642,291502125,18
0.5,,,,,0.5,sell,68005.46,BTC-29MAR24-46000-P,112.78,,0.00234073,0.0023,3,1710520732919,291501133,1399
0.1,,,,,0.1,sell,67824.22,BTC-31MAY24-71000-C,76.12,,0.13905769,0.139,3,1710520399047,291500696,205
1.0,,,,,1.0,sell,67843.8,BTC-27DEC24-60000-P,77.34,,0.14490309,0.1425,2,1710519948680,291499855,140
2.4,,,,,2.4,sell,67751.3,BTC-31MAY24-65000-P,76.61,,0.09548309,0.0955,1,1710519204095,291497045,223
0.4,,,,,0.4,buy,67730.34,BTC-27DEC24-45000-C,79.15,,0.48154182,0.4815,3,1710519158254,291496834,139
0.5,,,,,0.5,sell,67746.28,BTC-31MAY24-66000-C,76.47,,0.17192269,0.172,2,1710518921146,291495808,108
0.2,,,,,0.2,sell,67649.45,BTC-16MAR24-72000-P,91.55,,0.0643087,0.065,2,1710518824094,291495450,120
2.4,,,,,2.4,sell,67678.89,BTC-27SEP24-160000-C,86.73,,0.05058569,0.0505,3,1710518796042,291495218,318
0.1,,,,,0.1,buy,67805.07,BTC-29MAR24-40000-P,127.91,,0.00108381,0.001,0,1710518758391,291494924,2512
0.3,,,,,0.3,buy,67917.03,BTC-26APR24-45000-P,88.92,,0.00757357,0.0075,0,1710518726832,291494602,609
1.0,,,,,1.0,sell,68065.83,BTC-27DEC24-20000-C,92.85,,0.74841155,0.75,0,1710518634578,291494206,8
0.1,,,,,0.1,sell,68080.3,BTC-31MAY24-70000-C,76.85,,0.1477575,0.148,3,1710518632770,291494195,302
8.0,,,,,8.0,buy,68202.92,BTC-27SEP24-85000-C,80.03,,0.18632544,0.186,2,1710518217759,291493452,267
5.0,,,BTC-PS-27DEC24-75000_55000,291493359,5.0,buy,68200.33,BTC-27DEC24-75000-P,78.91,,0.25169704,0.2519,2,1710518117246,291493360,64
0.5,,,,,0.5,sell,68184.04,BTC-26APR24-51000-P,83.01,,0.01494669,0.015,2,1710518029379,291493212,396
0.2,,,,,0.2,buy,68177.93,BTC-31MAY24-80000-P,76.53,,0.21674023,0.215,0,1710517804868,291492806,83
1.0,,,,,1.0,sell,68319.93,BTC-27SEP24-20000-C,97.67,,0.73910516,0.7395,0,1710516761914,291490277,9
1.0,,,,,1.0,sell,68340.62,BTC-17MAR24-80000-C,88.94,,0.00016598,0.0001,3,1710516434727,291489625,23
0.2,,,,,0.2,sell,68389.12,BTC-29MAR24-34000-P,141.9,,0.00044321,0.0003,2,1710516175729,291489285,843
2.0,,,,,2.0,sell,68639.57,BTC-27SEP24-50000-P,79.56,,0.06512841,0.064,2,1710515043451,291486325,176
2.0,,,,,2.0,sell,68581.37,BTC-27SEP24-52000-P,79.36,,0.07397835,0.073,2,1710515009612,291486211,100
0.1,,,,,0.1,buy,68620.75,BTC-22MAR24-63000-C,80.02,,0.09868381,0.0985,0,1710514931841,291485893,577
0.3,,,,,0.3,buy,68561.89,BTC-28JUN24-95000-C,81.21,,0.08120499,0.0815,0,1710514816197,291485308,723
1.0,,,,,1.0,sell,68608.35,BTC-29MAR24-56000-C,90.13,,0.20013603,0.2005,0,1710514786908,291485097,1002
1.0,,,,,1.0,sell,68503.4,BTC-31MAY24-70000-P,76.56,,0.12532791,0.125,2,1710514703262,291484614,145
0.5,,,,,0.5,sell,68495.23,BTC-31MAY24-71000-P,76.48,,0.13300987,0.1325,2,1710514703048,291484608,87
0.2,,,,,0.2,buy,68340.23,BTC-28JUN24-31000-P,92.35,,0.00572156,0.0055,0,1710514378880,291483851,312
12.5,BLOCK-132236,2,BTC-CS-27SEP24-115000_160000,,12.5,sell,68280.17,BTC-27SEP24-115000-C,82.59,,0.10591452,0.1044,0,1710514140655,291483324,69
75.0,BLOCK-132235,2,BTC-PS-27DEC24-45000_38000,,75.0,buy,68063.27,BTC-27DEC24-38000-P,80.94,,0.04047133,0.0407,2,1710513992038,291482972,55
75.0,BLOCK-132235,2,BTC-PS-27DEC24-45000_38000,,75.0,sell,68063.27,BTC-27DEC24-45000-P,79.58,,0.06571339,0.0656,2,1710513992038,291482971,133
0.5,,,,,0.5,sell,68084.46,BTC-31MAY24-79000-C,77.69,,0.10138422,0.1015,1,1710513593226,291482532,16
0.1,,,,,0.1,sell,68096.06,BTC-31MAY24-62000-P,76.52,,0.07520593,0.0745,2,1710513590414,291482528,78
0.5,,,,,0.5,sell,68089.84,BTC-31MAY24-35000-P,92.17,,0.00546787,0.0055,3,1710513551181,291482442,181
0.1,,,,,0.1,buy,68046.92,BTC-27SEP24-33000-P,85.23,,0.0176619,0.0175,0,1710513401654,291482337,89
0.1,,,,,0.1,buy,67888.22,BTC-31MAY24-79000-P,78.33,,0.20918267,0.2105,1,1710513166827,291481576,13
0.7,,,,,0.7,buy,68045.8,BTC-31MAY24-63000-P,77.11,,0.08044093,0.081,0,1710512992488,291481130,69
0.7,,,,,0.7,buy,68045.8,BTC-31MAY24-64000-P,77.03,,0.08640152,0.087,2,1710512992080,291481122,81
0.1,,,,,0.1,sell,68068.14,BTC-29MAR24-57000-C,85.18,,0.1817823,0.181,0,1710512991815,291481113,1699
0.8,,,,,0.8,buy,68068.14,BTC-31MAY24-67000-P,76.9,,0.10585104,0.1065,2,1710512991462,291481096,42
10.0,,,,,10.0,buy,68135.81,BTC-27DEC24-53000-P,78.79,,0.10329366,0.103,2,1710512987296,291480969,107
0.4,,,,,0.4,sell,68151.56,BTC-31MAY24-64000-C,76.37,,0.19097185,0.1905,0,1710512934141,291480917,115
0.1,,,,,0.1,buy,67992.37,BTC-28JUN24-60000-C,77.21,,0.24996902,0.249,0,1710512294268,291479855,2998
1.0,,,,,1.0,sell,67909.61,BTC-31MAY24-72000-P,76.27,,0.14652537,0.1455,0,1710512163767,291479446,44
0.2,,,,,0.2,buy,68037.17,BTC-16MAR24-76000-C,107.58,,0.00017511,0.0002,3,1710512139733,291479241,148
5.9,,,,,5.9,sell,67945.44,BTC-26APR24-42000-P,93.84,,0.00560256,0.0055,3,1710512077963,291478985,350
1.0,,,,,1.0,buy,68101.25,BTC-16MAR24-77000-C,108.02,,0.0001651,0.0001,3,1710512051370,291478847,41
2.9,,,,,2.9,sell,68130.11,BTC-16MAR24-80000-C,136.88,,4.064e-05,0.0001,3,1710511973643,291478660,48
2.4,,,,,2.4,sell,68082.53,BTC-26APR24-35000-P,105.43,,0.00249881,0.0024,2,1710511929382,291478612,165
0.5,,,,,0.5,buy,68030.04,BTC-31MAY24-68000-P,76.67,,0.11384238,0.114,0,1710511630479,291476637,89
1.0,,,,,1.0,buy,68103.04,BTC-27SEP24-75000-P,79.16,,0.22759897,0.2275,2,1710511585253,291476306,52
0.1,,,,,0.1,buy,68504.95,BTC-29MAR24-54000-C,94.71,,0.22525873,0.226,0,1710511276567,291474782,1395
0.1,,,,,0.1,buy,68542.18,BTC-29MAR24-75000-P,73.99,,0.10996226,0.1105,3,1710510961761,291473233,80
0.1,,,,,0.1,buy,68503.19,BTC-27DEC24-130000-C,82.97,,0.13183573,0.131,1,1710510712566,291471119,134
0.1,,,,,0.1,buy,68474.07,BTC-16MAR24-76500-C,106.69,,0.00029561,0.0002,0,1710510709227,291471105,113
1.0,,,,,1.0,sell,68409.61,BTC-27DEC24-80000-P,79.49,,0.29434995,0.295,2,1710510690876,291470972,87
1.0,,,,,1.0,sell,68287.66,BTC-27SEP24-80000-P,79.71,,0.26999983,0.27,2,1710510473732,291470172,63
0.3,,,,,0.3,sell,68241.21,BTC-31MAY24-49000-P,80.94,,0.02487869,0.0245,2,1710510021816,291468681,86
1.0,,,,,1.0,buy,68151.68,BTC-27DEC24-85000-C,80.45,,0.2416678,0.245,0,1710509860738,291467855,302
0.1,,,,,0.1,buy,68164.28,BTC-29MAR24-48000-C,105.2,,0.3053925,0.305,1,1710509838415,291467621,1501
0.1,,,,,0.1,sell,68025.53,BTC-29MAR24-51000-C,95.05,,0.26188182,0.261,0,1710509788309,291467217,1199
0.1,,,,,0.1,buy,67737.11,BTC-29MAR24-44000-C,105.82,,0.35856409,0.3575,3,1710509700482,291466812,1039
1.0,,,,,1.0,sell,67519.5,BTC-29MAR24-50000-C,97.96,,0.2710146,0.27,1,1710509441354,291465562,6706
0.1,,,,,0.1,buy,67519.5,BTC-27DEC24-46000-P,78.8,,0.07169716,0.071,3,1710509441250,291465533,97
1.0,,,BTC-CCOND-17MAR24-62000_63000_65000_66000,291464542,1.0,buy,67663.05,BTC-17MAR24-62000-C,99.44,,0.08756588,0.0878,1,1710508993933,291464545,1
1.0,,,BTC-CCOND-17MAR24-62000_63000_65000_66000,291464542,1.0,sell,67663.05,BTC-17MAR24-65000-C,82.66,,0.048148,0.0482,1,1710508993933,291464543,1
1.0,,,BTC-CCOND-17MAR24-62000_63000_65000_66000,291464542,1.0,sell,67663.05,BTC-17MAR24-63000-C,92.27,,0.07384071,0.0739,1,1710508993933,291464544,1
1.0,,,BTC-CCOND-17MAR24-62000_63000_65000_66000,291464542,1.0,buy,67663.05,BTC-17MAR24-66000-C,81.32,,0.0368607,0.0374,0,1710508993933,291464546,2
0.1,,,,,0.1,buy,67830.61,BTC-29MAR24-47000-C,109.68,,0.31646278,0.3165,0,1710508646876,291463853,1356
0.1,,,,,0.1,buy,67832.65,BTC-31MAY24-59000-P,77.74,,0.06165019,0.0615,2,1710508541912,291463577,98
0.1,,,,,0.1,sell,67882.26,BTC-31MAY24-92000-C,79.67,,0.05904604,0.0585,0,1710508502202,291463509,46
0.1,,,,,0.1,buy,67885.03,BTC-31MAY24-84000-C,78.51,,0.08159921,0.0815,1,1710508485223,291463447,55
0.1,,,,,0.1,sell,68171.63,BTC-16MAR24-63000-C,0.0,,0.0782101,0.076,0,1710508128087,291461640,30
4.7,,,,,4.7,buy,68171.63,BTC-26APR24-84000-P,79.52,,0.23669717,0.239,1,1710508127656,291461517,1
1.0,,,,,1.0,buy,68223.31,BTC-28JUN24-36000-P,89.18,,0.01055879,0.0105,2,1710508011087,291460787,337
0.1,,,,,0.1,buy,67835.94,BTC-29MAR24-43000-C,121.57,,0.37412834,0.374,0,1710507360302,291458368,703
0.1,,,,,0.1,sell,67817.97,BTC-27DEC24-37000-P,79.99,,0.03817767,0.037,2,1710507271021,291458146,39
0.1,,,,,0.1,sell,67741.68,BTC-27DEC24-58000-P,78.6,,0.13523652,0.135,2,1710507123986,291457841,74
0.1,,,,,0.1,buy,67857.48,BTC-5APR24-67000-C,73.97,,0.08455258,0.084,1,1710505958413,291455322,42
0.9,,,,,0.9,sell,67800.93,BTC-27DEC24-42000-C,80.8,,0.50852719,0.51,1,1710505535042,291454218,14
0.1,,,,,0.1,buy,67536.3,BTC-26APR24-39000-P,97.55,,0.00376529,0.0039,3,1710503233230,291448087,306
0.3,,,,,0.3,sell,67495.44,BTC-17MAR24-66500-C,77.98,,0.03144289,0.031,1,1710502836638,291446973,51
0.5,,,,,0.5,sell,67504.9,BTC-31MAY24-77000-P,77.11,,0.19623441,0.1955,2,1710502732887,291446507,80
0.5,,,,,0.5,sell,67488.96,BTC-31MAY24-85000-P,77.79,,0.27942286,0.2775,0,1710502728473,291446495,12
1.0,,,,,1.0,buy,67460.72,BTC-27DEC24-25000-P,85.0,,0.01348011,0.0125,0,1710502711136,291446446,262
0.1,,,,,0.1,sell,67444.07,BTC-16MAR24-64000-C,116.53,,0.05626376,0.0565,0,1710502694577,291446332,23
0.1,,,,,0.1,sell,67319.82,BTC-27SEP24-56000-P,78.51,,0.10065843,0.099,2,1710502613032,291446056,15
5.0,,,,,5.0,buy,67158.43,BTC-27DEC24-200000-C,86.92,,0.05872668,0.0595,0,1710502369940,291445064,362
1.0,,,,,1.0,sell,67033.42,BTC-27SEP24-30000-P,88.43,,0.01499879,0.015,0,1710502267983,291444123,248
1.0,,,,,1.0,buy,66954.84,BTC-29MAR24-10000-P,329.99,,0.0,0.0001,3,1710502072034,291443462,443
2.0,,,,,2.0,sell,66814.86,BTC-31MAY24-50000-P,79.98,,0.0299348,0.03,2,1710501911541,291442816,217
150.0,BLOCK-132196,2,,,150.0,buy,66833.0,BTC-27DEC24-110000-C,82.71,,0.1653099,0.1666,0,1710501891680,291442711,149
2.0,,,,,2.0,buy,66838.48,BTC-26APR24-43000-P,90.58,,0.0064775,0.0065,0,1710501836211,291442375,604
5.0,,,,,5.0,buy,66950.26,BTC-27SEP24-70000-P,78.84,,0.19635314,0.1975,2,1710501776578,291441967,205
1.0,,,,,1.0,buy,67081.3,BTC-27SEP24-180000-C,86.51,,0.03545363,0.0345,2,1710501718102,291441852,149
1.0,,,,,1.0,buy,67130.91,BTC-27DEC24-140000-C,83.48,,0.11302305,0.111,3,1710501570571,291441457,253
0.4,,,,,0.4,sell,67301.39,BTC-26APR24-30000-P,115.97,,0.00144329,0.0015,3,1710501328885,291440516,431
0.8,,,,,0.8,buy,67147.94,BTC-27DEC24-70000-P,77.56,,0.22298889,0.22,2,1710501303255,291440242,137
5.0,,,,,5.0,sell,66933.26,BTC-27SEP24-110000-C,83.31,,0.11207487,0.1115,2,1710501231621,291439585,121
2.0,,,,,2.0,sell,66851.85,BTC-27DEC24-30000-P,84.68,M,0.0232119,0.0235,0,1710501000568,291438340,232
0.1,,,,,0.1,buy,66982.77,BTC-28JUN24-50000-P,79.79,,0.04125744,0.041,0,1710500909215,291437873,532
0.1,,,,,0.1,buy,67136.53,BTC-31MAY24-73000-P,77.26,,0.16280767,0.163,3,1710500753281,291437302,85
0.1,,,,,0.1,buy,67272.89,BTC-22MAR24-62000-C,80.52,,0.09652274,0.0955,2,1710500728713,291437050,408
0.5,,,,,0.5,sell,67309.1,BTC-31MAY24-57000-C,78.25,,0.24544839,0.246,3,1710500654580,291436786,38
3.7,,,,,3.7,buy,67492.09,BTC-26APR24-15000-P,162.67,,0.00014405,0.0002,1,1710500488223,291436203,40
0.1,,,,,0.1,sell,67297.11,BTC-26APR24-80000-P,77.21,,0.20548366,0.2055,2,1710500431549,291435977,182
0.1,,,,,0.1,sell,67349.64,BTC-31MAY24-62000-C,77.3,,0.20056592,0.201,3,1710500362790,291435727,180
0.1,,,,,0.1,sell,67360.48,BTC-31MAY24-66000-P,76.64,,0.10583408,0.1055,0,1710500227519,291435396,107
0.1,,,,,0.1,buy,67358.05,BTC-22MAR24-64000-C,79.49,,0.07486971,0.0745,0,1710500223069,291435386,578
0.1,,,,,0.1,buy,67472.55,BTC-26APR24-48000-C,85.95,,0.32138945,0.321,0,1710500040697,291434752,167
0.1,,,,,0.1,buy,67504.98,BTC-29MAR24-45000-C,118.6,,0.34170719,0.342,0,1710499594579,291433659,4011
0.1,,,,,0.1,sell,67416.05,BTC-27DEC24-180000-C,86.55,,0.07310184,0.0745,1,1710499084720,291432299,254
9.2,,,,,9.2,sell,67753.22,BTC-16MAR24-77500-C,106.47,,0.0001871,0.0001,3,1710498724205,291431161,45
3.2,,,,,3.2,sell,67633.95,BTC-31MAY24-30000-P,96.95,,0.00274208,0.0029,3,1710498623420,291430926,176
0.2,,,,,0.2,sell,67704.85,BTC-28JUN24-46000-P,81.83,,0.02790507,0.028,0,1710498559554,291430764,315
0.2,,,,,0.2,sell,67721.94,BTC-29MAR24-30000-P,145.27,,0.00027816,0.0001,2,1710498443204,291430577,1803
0.2,,,,,0.2,buy,67775.64,BTC-27SEP24-70000-C,81.0,,0.25356146,0.258,0,1710498360803,291430310,707
1.6,,,,,1.6,buy,67876.79,BTC-31MAY24-63000-C,77.72,,0.19693657,0.1975,0,1710498161516,291429760,94
1.0,,,,,1.0,buy,67438.04,BTC-28JUN24-20000-P,108.58,,0.00128098,0.0015,1,1710497720777,291428286,694
0.1,,,,,0.1,buy,67671.06,BTC-28JUN24-52000-P,80.26,,0.04668625,0.0475,3,1710497195096,291426049,105
0.1,,,,,0.1,buy,67807.26,BTC-27DEC24-120000-P,82.35,,0.70891783,0.7075,2,1710497094944,291425703,51
1.0,,,,,1.0,sell,67868.04,BTC-26APR24-34000-P,108.61,,0.00238953,0.0024,2,1710497081555,291425655,262
0.1,,,,,0.1,buy,67937.74,BTC-27DEC24-51000-C,82.27,,0.43285111,0.4395,0,1710497000541,291425313,46
0.8,,,,,0.8,buy,68021.09,BTC-28JUN24-51000-P,80.64,,0.0420239,0.043,0,1710496980100,291425037,212
0.1,,,,,0.1,buy,68012.29,BTC-29MAR24-58000-C,88.27,,0.16839626,0.1685,0,1710496969677,291424972,1401
0.1,,,,,0.1,buy,68007.45,BTC-29MAR24-61000-C,83.39,,0.13191526,0.132,0,1710496968875,291424971,480
1.0,,,,,1.0,sell,67912.79,BTC-27SEP24-105000-P,81.34,,0.53245416,0.528,2,1710496958540,291424936,8
1.0,,,,,1.0,sell,67847.55,BTC-29MAR24-40000-C,0.0,,0.41684518,0.415,0,1710496940442,291424843,2507
0.1,,,,,0.1,sell,67752.64,BTC-17MAR24-65500-C,92.39,,0.0469788,0.047,2,1710496616999,291423589,3
0.1,,,,,0.1,buy,67852.09,BTC-16MAR24-79000-C,117.02,,0.00017139,0.0001,3,1710496581814,291423434,31
0.1,,,,,0.1,sell,67870.14,BTC-16MAR24-81000-C,144.84,,9.891e-05,0.0002,3,1710496580891,291423432,18
0.1,,,,,0.1,buy,67865.51,BTC-27DEC24-39000-C,88.51,,0.53803333,0.55,0,1710496556227,291423303,3
0.1,,,,,0.1,buy,67723.13,BTC-27SEP24-130000-C,85.8,,0.08044636,0.083,0,1710496336445,291422419,56
0.5,,,,,0.5,sell,67613.29,BTC-27SEP24-110000-P,81.64,,0.59213916,0.5885,2,1710495997263,291421530,12
1.2,,,,,1.2,sell,67492.62,BTC-16MAR24-72500-P,55.55,,0.07597275,0.0735,2,1710495540833,291418653,96
0.1,BLOCK-132166,700,,,0.1,buy,67176.35,BTC-31MAY24-51000-C,76.86,,0.30842467,0.3044,0,1710495394709,291417334,14
1.7,BLOCK-132166,700,,,1.7,buy,67176.35,BTC-27SEP24-43000-C,78.44,,0.46192035,0.4583,0,1710495394707,291417331,76
6.5,BLOCK-132166,700,,,6.5,sell,67176.35,BTC-27DEC24-60000-C,78.7,,0.36258597,0.3633,2,1710495394707,291417326,471
0.1,BLOCK-132166,700,,,0.1,sell,67176.35,BTC-27DEC24-36000-C,81.68,,0.56358095,0.5644,0,1710495394707,291417325,5
0.3,BLOCK-132166,700,,,0.3,buy,67176.35,BTC-28JUN24-90000-P,81.47,,0.35188499,0.3533,0,1710495394707,291417323,51
0.1,BLOCK-132166,700,,,0.1,sell,67176.35,BTC-5APR24-74000-P,80.3,,0.12473389,0.13,0,1710495394707,291417322,50
0.3,BLOCK-132166,700,,,0.3,sell,67176.35,BTC-27SEP24-54000-C,79.64,,0.36016795,0.3607,2,1710495394706,291417312,32
0.2,BLOCK-132166,700,,,0.2,sell,67176.35,BTC-27DEC24-34000-C,82.34,,0.58431947,0.5852,0,1710495394706,291417308,6
3.6,BLOCK-132166,700,,,3.6,sell,67176.35,BTC-29MAR24-29000-C,161.4,,0.57253078,0.5726,2,1710495394706,291417316,648
1.5,BLOCK-132166,700,,,1.5,sell,67176.35,BTC-29MAR24-32000-C,126.71,,0.52827022,0.5282,2,1710495394706,291417310,635
0.6,BLOCK-132166,700,,,0.6,buy,67176.35,BTC-27SEP24-20000-P,93.63,,0.00367292,0.0037,0,1710495394705,291417307,231
1.4,BLOCK-132166,700,,,1.4,sell,67176.35,BTC-26APR24-40000-C,97.66,,0.42746305,0.4274,2,1710495394704,291417292,52
7.2,BLOCK-132166,700,,,7.2,buy,67176.35,BTC-27SEP24-60000-P,78.77,,0.12486096,0.1241,0,1710495394704,291417295,146
9.8,BLOCK-132166,700,,,9.8,buy,67176.35,BTC-29MAR24-22000-P,195.77,,1.967e-05,0.0001,3,1710495394704,291417293,841
12.2,BLOCK-132166,700,,,12.2,buy,67176.35,BTC-28JUN24-38000-P,82.37,,0.01278468,0.011,2,1710495394704,291417275,357
8.2,BLOCK-132166,700,,,8.2,sell,67176.35,BTC-26APR24-64000-C,76.7,,0.14204658,0.1419,0,1710495394704,291417285,387
1.9,BLOCK-132166,700,,,1.9,buy,67176.35,BTC-27SEP24-46000-C,78.06,,0.43197947,0.4283,0,1710495394704,291417296,76
9.0,BLOCK-132166,700,,,9.0,buy,67176.35,BTC-27SEP24-38000-P,80.99,,0.02880955,0.0271,2,1710495394704,291417299,100
3.7,BLOCK-132166,700,,,3.7,sell,67176.35,BTC-27SEP24-36000-C,83.92,,0.53736729,0.5381,0,1710495394704,291417291,83
6.4,BLOCK-132166,700,,,6.4,sell,67176.35,BTC-29MAR24-31000-P,154.38,,0.00024331,0.0003,2,1710495394704,291417284,736
0.8,BLOCK-132166,700,,,0.8,sell,67176.35,BTC-26APR24-77000-P,81.06,,0.17469972,0.1798,0,1710495394704,291417274,45
20.1,BLOCK-132166,700,,,20.1,sell,67176.35,BTC-28JUN24-45000-C,81.44,,0.39447145,0.3945,2,1710495394704,291417272,1889
1.0,BLOCK-132166,700,,,1.0,sell,67176.35,BTC-27SEP24-26000-C,91.3,,0.65729447,0.6582,0,1710495394704,291417290,6
1.2,BLOCK-132166,700,,,1.2,buy,67176.35,BTC-27DEC24-100000-P,81.27,,0.50346038,0.5041,0,1710495394704,291417297,118
3.3,BLOCK-132166,700,,,3.3,sell,67176.35,BTC-27SEP24-31000-P,88.97,,0.01500467,0.0172,0,1710495394704,291417302,95
4.4,BLOCK-132166,700,,,4.4,sell,67176.35,BTC-27DEC24-48000-P,80.57,,0.08296572,0.0857,0,1710495394704,291417281,50
0.2,BLOCK-132166,700,,,0.2,buy,67176.35,BTC-31MAY24-76000-P,79.13,,0.19281361,0.1933,0,1710495394703,291417271,132
0.1,BLOCK-132166,700,,,0.1,buy,67176.35,BTC-31MAY24-59000-C,75.78,,0.22735878,0.2234,2,1710495394703,291417263,37
1.8,BLOCK-132166,700,,,1.8,sell,67176.35,BTC-31MAY24-74000-P,81.03,,0.17421983,0.1786,0,1710495394703,291417260,22
4.6,BLOCK-132166,700,,,4.6,sell,67176.35,BTC-27DEC24-33000-P,83.87,,0.02833643,0.0306,0,1710495394703,291417266,54
4.4,BLOCK-132166,700,,,4.4,buy,67176.35,BTC-27SEP24-38000-C,79.23,,0.51499448,0.5116,0,1710495394703,291417257,76
1.3,BLOCK-132166,700,,,1.3,buy,67176.35,BTC-28JUN24-36000-C,78.63,,0.50533978,0.5015,2,1710495394702,291417245,281
3.3,BLOCK-132166,700,,,3.3,sell,67176.35,BTC-28JUN24-46000-C,81.04,,0.382894,0.383,2,1710495394702,291417246,234
0.8,BLOCK-132166,700,,,0.8,buy,67176.35,BTC-27SEP24-62000-P,78.72,,0.13766072,0.137,0,1710495394702,291417239,14
6.0,BLOCK-132166,700,,,6.0,buy,67176.35,BTC-28JUN24-18000-P,105.94,,0.00067999,0.0007,0,1710495394702,291417242,321
0.3,BLOCK-132166,700,,,0.3,sell,67176.35,BTC-28JUN24-18000-C,119.64,,0.74813185,0.7493,0,1710495394702,291417240,19
1.3,BLOCK-132166,700,,,1.3,sell,67176.35,BTC-27DEC24-57000-P,79.86,,0.13208967,0.1352,0,1710495394702,291417252,40
0.1,BLOCK-132166,700,,,0.1,buy,67176.35,BTC-28JUN24-85000-P,80.5,,0.2973796,0.2984,2,1710495394702,291417241,26
0.2,BLOCK-132166,700,,,0.2,buy,67176.35,BTC-27SEP24-42000-C,78.56,,0.47218279,0.4686,0,1710495394702,291417247,109
6.8,BLOCK-132166,700,,,6.8,buy,67176.35,BTC-28JUN24-25000-P,99.11,,0.00274462,0.0028,0,1710495394702,291417254,718
2.9,BLOCK-132166,700,,,2.9,buy,67176.35,BTC-28JUN24-56000-C,75.73,,0.27914823,0.2751,2,1710495394702,291417236,254
3.2,BLOCK-132166,700,,,3.2,sell,67176.35,BTC-29MAR24-37000-C,107.14,,0.45502357,0.4545,2,1710495394701,291417219,775
8.7,BLOCK-132166,700,,,8.7,sell,67176.35,BTC-26APR24-53000-C,81.38,,0.25619387,0.2558,2,1710495394701,291417209,278
3.0,BLOCK-132166,700,,,3.0,sell,67176.35,BTC-27SEP24-49000-P,81.57,,0.06616089,0.069,0,1710495394701,291417234,21
7.8,BLOCK-132166,700,,,7.8,buy,67176.35,BTC-27SEP24-45000-P,79.64,,0.05018009,0.0486,0,1710495394701,291417231,148
0.4,BLOCK-132166,700,,,0.4,sell,67176.35,BTC-26APR24-41000-C,95.51,,0.41360833,0.4134,0,1710495394701,291417220,46
0.2,BLOCK-132166,700,,,0.2,buy,67176.35,BTC-29MAR24-20000-C,0.0,,0.70498619,0.7016,0,1710495394701,291417210,70
1.5,BLOCK-132166,700,,,1.5,buy,67176.35,BTC-26APR24-25000-C,0.0,,0.63972529,0.6362,0,1710495394701,291417224,7
1.0,BLOCK-132166,700,,,1.0,sell,67176.35,BTC-27DEC24-59000-C,78.78,,0.3693501,0.3701,2,1710495394700,291417188,44
2.1,BLOCK-132166,700,,,2.1,sell,67176.35,BTC-28JUN24-44000-C,82.0,,0.40625037,0.4063,2,1710495394700,291417186,187
0.1,BLOCK-132166,700,,,0.1,sell,67176.35,BTC-27DEC24-44000-C,80.01,,0.48691862,0.4876,2,1710495394700,291417168,38
8.4,BLOCK-132166,700,,,8.4,buy,67176.35,BTC-28JUN24-15000-P,117.46,,0.00056846,0.0006,0,1710495394700,291417193,689
3.4,BLOCK-132166,700,,,3.4,sell,67176.35,BTC-27DEC24-35000-P,83.21,,0.03367311,0.036,0,1710495394700,291417206,99
4.3,BLOCK-132166,700,,,4.3,buy,67176.35,BTC-28JUN24-41000-P,81.16,,0.01749577,0.0157,0,1710495394700,291417176,229
1.6,BLOCK-132166,700,,,1.6,buy,67176.35,BTC-27DEC24-61000-C,77.2,,0.35602067,0.3526,2,1710495394700,291417201,51
0.4,BLOCK-132166,700,,,0.4,buy,67176.35,BTC-28JUN24-26000-C,0.0,,0.63822963,0.6349,0,1710495394700,291417170,75
0.2,BLOCK-132166,700,,,0.2,buy,67176.35,BTC-27SEP24-90000-P,81.11,,0.37981313,0.3807,0,1710495394700,291417187,13
0.5,BLOCK-132166,700,,,0.5,buy,67176.35,BTC-27SEP24-22000-P,84.59,,0.00505096,0.0031,2,1710495394700,291417180,160
2.4,BLOCK-132166,700,,,2.4,sell,67176.35,BTC-27SEP24-56000-C,79.51,,0.34395915,0.3446,2,1710495394700,291417169,42
0.6,BLOCK-132166,700,,,0.6,buy,67176.35,BTC-28JUN24-37000-C,78.51,,0.49252556,0.4887,0,1710495394700,291417185,300
0.5,BLOCK-132166,700,,,0.5,sell,67176.35,BTC-27SEP24-25000-C,92.43,,0.66981669,0.6708,0,1710495394700,291417202,7
43.2,BLOCK-132166,700,,,43.2,buy,67176.35,BTC-27SEP24-15000-P,102.27,,0.00191637,0.0019,0,1710495394700,291417181,229
0.5,BLOCK-132166,700,,,0.5,buy,67176.35,BTC-29MAR24-85000-P,91.52,,0.25991361,0.2632,0,1710495394700,291417189,11
2.8,BLOCK-132166,700,,,2.8,sell,67176.35,BTC-27SEP24-37000-C,83.55,,0.52620972,0.5269,0,1710495394700,291417195,182
4.0,BLOCK-132166,700,,,4.0,sell,67176.35,BTC-27DEC24-53000-C,79.08,,0.41237502,0.4131,2,1710495394700,291417182,44
10.0,BLOCK-132166,700,,,10.0,sell,67176.35,BTC-26APR24-45000-C,89.63,,0.35908163,0.3587,2,1710495394699,291417144,230
0.2,BLOCK-132166,700,,,0.2,buy,67176.35,BTC-27DEC24-54000-C,77.33,,0.40482878,0.4014,2,1710495394699,291417156,66
9.1,BLOCK-132166,700,,,9.1,buy,67176.35,BTC-28JUN24-44000-P,80.16,,0.02359027,0.0218,2,1710495394699,291417141,288
0.6,BLOCK-132166,700,,,0.6,sell,67176.35,BTC-28JUN24-43000-P,85.31,,0.02132557,0.0237,0,1710495394699,291417146,274
0.6,BLOCK-132166,700,,,0.6,buy,67176.35,BTC-27SEP24-58000-C,77.57,,0.32844344,0.325,0,1710495394699,291417163,60
1.2,BLOCK-132166,700,,,1.2,sell,67176.35,BTC-27SEP24-29000-C,88.34,,0.62002795,0.6209,0,1710495394699,291417157,14
9.7,BLOCK-132166,700,,,9.7,buy,67176.35,BTC-28JUN24-47000-C,76.65,,0.37152241,0.3675,2,1710495394699,291417148,535
0.5,BLOCK-132166,700,,,0.5,buy,67176.35,BTC-27SEP24-40000-C,78.9,,0.49333049,0.4898,2,1710495394699,291417159,485
1.0,BLOCK-132166,700,,,1.0,sell,67176.35,BTC-26APR24-32000-P,113.08,,0.0020811,0.0021,0,1710495394699,291417153,270
0.1,BLOCK-132166,700,,,0.1,buy,67176.35,BTC-27SEP24-59000-P,78.84,,0.11873482,0.118,0,1710495394699,291417142,25
1.8,BLOCK-132166,700,,,1.8,buy,67176.35,BTC-27DEC24-125000-P,83.81,,0.7779005,0.7802,0,1710495394699,291417164,69
4.0,BLOCK-132166,700,,,4.0,buy,67176.35,BTC-27DEC24-28000-P,81.52,,0.01789839,0.0159,2,1710495394699,291417149,172
0.8,BLOCK-132166,700,,,0.8,buy,67176.35,BTC-31MAY24-52000-C,76.58,,0.29745804,0.2933,2,1710495394699,291417166,24
1.0,BLOCK-132166,700,,,1.0,buy,67176.35,BTC-27DEC24-54000-P,78.35,,0.11435296,0.1132,2,1710495394699,291417147,61
27.4,BLOCK-132166,700,,,27.4,sell,67176.35,BTC-26APR24-50000-C,83.9,,0.29340485,0.293,0,1710495394699,291417143,961
1.9,BLOCK-132166,700,,,1.9,sell,67176.35,BTC-27SEP24-34000-C,84.94,,0.56032104,0.5611,0,1710495394699,291417151,69
0.1,BLOCK-132166,700,,,0.1,buy,67176.35,BTC-27DEC24-85000-P,79.74,,0.35373406,0.354,0,1710495394699,291417152,25
14.8,BLOCK-132166,700,,,14.8,sell,67176.35,BTC-28JUN24-10000-P,137.01,,0.00032197,0.0003,0,1710495394698,291417126,528
13.3,BLOCK-132166,700,,,13.3,sell,67176.35,BTC-26APR24-52000-C,82.04,,0.26842841,0.2679,2,1710495394698,291417136,538
2.2,BLOCK-132166,700,,,2.2,buy,67176.35,BTC-28JUN24-19000-C,0.0,,0.73431682,0.7313,0,1710495394698,291417138,17
0.2,BLOCK-132166,700,,,0.2,buy,67176.35,BTC-28JUN24-21000-C,0.0,,0.70671485,0.7036,0,1710495394698,291417132,44
5.4,BLOCK-132166,700,,,5.4,buy,67176.35,BTC-29MAR24-39000-C,0.0,,0.42585449,0.4212,2,1710495394698,291417133,627
19.9,BLOCK-132166,700,,,19.9,sell,67176.35,BTC-29MAR24-23000-P,188.33,,3.32e-05,0.0001,3,1710495394698,291417128,699
7.4,BLOCK-132166,700,,,7.4,buy,67176.35,BTC-26APR24-49000-C,76.56,,0.30612969,0.3016,2,1710495394698,291417123,209
1.3,BLOCK-132166,700,,,1.3,sell,67176.35,BTC-27DEC24-43000-C,80.13,,0.4959214,0.4966,0,1710495394698,291417124,57
6.0,BLOCK-132166,700,,,6.0,buy,67176.35,BTC-27DEC24-41000-P,79.15,,0.05317866,0.0515,0,1710495394698,291417134,55
7.1,BLOCK-132166,700,,,7.1,buy,67176.35,BTC-27DEC24-58000-C,77.28,,0.37618728,0.3728,2,1710495394698,291417129,75
0.9,BLOCK-132166,700,,,0.9,buy,67176.35,BTC-27DEC24-200000-P,89.21,,1.68642567,1.6923,2,1710495394697,291417115,95
3.0,BLOCK-132166,700,,,3.0,sell,67176.35,BTC-27SEP24-28000-C,89.18,,0.63234116,0.6332,0,1710495394697,291417119,37
5.1,BLOCK-132166,700,,,5.1,buy,67176.35,BTC-27SEP24-37000-P,81.27,,0.02645308,0.0247,0,1710495394697,291417110,72
0.8,BLOCK-132166,700,,,0.8,sell,67176.35,BTC-27SEP24-32000-C,86.07,,0.58386259,0.5846,2,1710495394697,291417120,53
4.4,BLOCK-132166,700,,,4.4,sell,67176.35,BTC-31MAY24-48000-P,84.94,,0.0249493,0.0275,0,1710495394697,291417122,99
7.7,BLOCK-132166,700,,,7.7,sell,67176.35,BTC-27SEP24-18000-P,98.46,,0.0031165,0.0032,0,1710495394697,291417112,175
4.9,BLOCK-132166,700,,,4.9,buy,67176.35,BTC-27SEP24-51000-C,77.73,,0.38568492,0.3821,0,1710495394697,291417114,93
0.4,BLOCK-132166,700,,,0.4,sell,67176.35,BTC-27SEP24-55000-C,79.59,,0.35198157,0.3526,2,1710495394697,291417108,327
8.0,BLOCK-132166,700,,,8.0,sell,67176.35,BTC-29MAR24-41000-C,113.06,,0.39680362,0.3961,2,1710495394696,291417091,1235
0.2,BLOCK-132166,700,,,0.2,buy,67176.35,BTC-26APR24-75000-P,77.48,,0.15445631,0.1553,0,1710495394696,291417079,238
28.1,BLOCK-132166,700,,,28.1,sell,67176.35,BTC-26APR24-54000-C,80.7,,0.2443568,0.2439,2,1710495394696,291417098,588
0.2,BLOCK-132166,700,,,0.2,buy,67176.35,BTC-31MAY24-75000-P,78.96,,0.18340199,0.1838,0,1710495394696,291417076,27
0.2,BLOCK-132166,700,,,0.2,buy,67176.35,BTC-29MAR24-34000-C,0.0,,0.49888787,0.4946,0,1710495394696,291417081,564
2.6,BLOCK-132166,700,,,2.6,buy,67176.35,BTC-27SEP24-28000-P,83.93,,0.01089952,0.0089,0,1710495394696,291417087,133
6.7,BLOCK-132166,700,,,6.7,sell,67176.35,BTC-26APR24-42000-C,93.95,,0.39982339,0.3996,2,1710495394696,291417085,247
2.6,BLOCK-132166,700,,,2.6,sell,67176.35,BTC-28JUN24-23000-P,101.81,,0.00197932,0.0021,0,1710495394696,291417094,488
1.0,BLOCK-132166,700,,,1.0,buy,67176.35,BTC-27DEC24-105000-C,80.46,,0.17649265,0.1733,2,1710495394696,291417075,115
10.7,BLOCK-132166,700,,,10.7,sell,67176.35,BTC-27SEP24-55000-P,80.84,,0.09566127,0.0987,2,1710495394696,291417086,162
0.1,BLOCK-132166,700,,,0.1,sell,67176.35,BTC-28JUN24-20000-C,113.0,,0.72041954,0.7215,2,1710495394696,291417077,44
3.4,BLOCK-132166,700,,,3.4,sell,67176.35,BTC-29MAR24-38000-C,113.39,,0.44038317,0.4399,2,1710495394695,291417064,999
4.2,BLOCK-132166,700,,,4.2,sell,67176.35,BTC-27DEC24-52000-C,79.16,,0.42008664,0.4208,2,1710495394695,291417070,62
3.3,BLOCK-132166,700,,,3.3,buy,67176.35,BTC-27SEP24-40000-P,80.52,,0.03413624,0.0324,2,1710495394694,291417043,209
2.5,BLOCK-132166,700,,,2.5,sell,67176.35,BTC-28JUN24-40000-C,84.27,,0.45455434,0.4548,2,1710495394694,291417049,1293
0.4,BLOCK-132166,700,,,0.4,buy,67176.35,BTC-27SEP24-27000-P,84.39,,0.00985256,0.0078,0,1710495394694,291417048,115
3.2,BLOCK-132166,700,,,3.2,sell,67176.35,BTC-27DEC24-10000-P,99.76,,0.00105423,0.0011,2,1710495394694,291417058,55
5.6,BLOCK-132166,700,,,5.6,buy,67176.35,BTC-27SEP24-41000-P,80.31,,0.03702614,0.0353,0,1710495394694,291417035,59
2.9,BLOCK-132166,700,,,2.9,buy,67176.35,BTC-27SEP24-24000-P,85.04,,0.00687607,0.0048,2,1710495394694,291417050,146
0.9,BLOCK-132166,700,,,0.9,sell,67176.35,BTC-27SEP24-59000-C,79.36,,0.32096932,0.3217,2,1710495394694,291417051,148
18.6,BLOCK-132166,700,,,18.6,sell,67176.35,BTC-29MAR24-24000-P,181.2,,5.41e-05,0.0001,3,1710495394694,291417038,927
3.8,BLOCK-132166,700,,,3.8,buy,67176.35,BTC-28JUN24-43000-C,77.46,,0.41802989,0.4141,2,1710495394694,291417059,122
2.8,BLOCK-132166,700,,,2.8,buy,67176.35,BTC-27SEP24-43000-P,80.01,,0.04328988,0.0417,0,1710495394694,291417056,48
1.4,BLOCK-132166,700,,,1.4,sell,67176.35,BTC-27SEP24-48000-P,81.69,,0.06184517,0.0646,0,1710495394694,291417037,54
20.7,BLOCK-132166,700,,,20.7,sell,67176.35,BTC-26APR24-55000-C,80.01,,0.2326559,0.2322,2,1710495394693,291417029,642
3.9,BLOCK-132166,700,,,3.9,sell,67176.35,BTC-27SEP24-45000-C,80.92,,0.44171488,0.4423,2,1710495394693,291417012,364
15.1,BLOCK-132166,700,,,15.1,buy,67176.35,BTC-29MAR24-18000-P,229.49,,1.52e-06,0.0001,2,1710495394693,291417003,951
13.9,BLOCK-132166,700,,,13.9,sell,67176.35,BTC-27SEP24-60000-C,79.24,,0.31357401,0.3142,2,1710495394693,291417025,590
0.1,BLOCK-132166,700,,,0.1,sell,67176.35,BTC-31MAY24-58000-P,80.86,,0.06078001,0.064,0,1710495394693,291417010,195
1.8,BLOCK-132166,700,,,1.8,sell,67176.35,BTC-27SEP24-27000-C,90.29,,0.64481457,0.6457,0,1710495394693,291417019,20
0.9,BLOCK-132166,700,,,0.9,sell,67176.35,BTC-27DEC24-62000-P,79.65,,0.16421427,0.1676,0,1710495394693,291417005,35
1.2,BLOCK-132166,700,,,1.2,sell,67176.35,BTC-27SEP24-10000-C,131.0,,0.86535346,0.867,0,1710495394693,291417026,15
0.2,BLOCK-132166,700,,,0.2,sell,67176.35,BTC-27SEP24-44000-C,81.17,,0.45180346,0.4523,2,1710495394693,291417017,70
2.4,BLOCK-132166,700,,,2.4,sell,67176.35,BTC-27SEP24-35000-C,84.38,,0.54878209,0.5495,0,1710495394693,291417024,326
5.5,BLOCK-132166,700,,,5.5,buy,67176.35,BTC-29MAR24-35000-C,0.0,,0.48430837,0.4798,2,1710495394693,291417008,1358
0.6,BLOCK-132166,700,,,0.6,sell,67176.35,BTC-31MAY24-61000-P,80.51,,0.07701556,0.0803,2,1710495394693,291417036,92
1.1,BLOCK-132166,700,,,1.1,sell,67176.35,BTC-27SEP24-19000-P,98.45,,0.00385544,0.004,0,1710495394693,291417016,225
0.5,BLOCK-132166,700,,,0.5,buy,67176.35,BTC-27SEP24-57000-P,78.84,,0.10684138,0.1059,0,1710495394692,291416975,30
5.9,BLOCK-132166,700,,,5.9,buy,67176.35,BTC-27DEC24-57000-C,77.28,,0.38314312,0.3797,2,1710495394692,291416988,116
17.7,BLOCK-132166,700,,,17.7,sell,67176.35,BTC-26APR24-25000-P,129.69,,0.00083379,0.0009,2,1710495394692,291416996,164
1.9,BLOCK-132166,700,,,1.9,sell,67176.35,BTC-27SEP24-34000-P,86.78,,0.02005031,0.0223,0,1710495394692,291416977,83
0.8,BLOCK-132166,700,,,0.8,sell,67176.35,BTC-28JUN24-25000-C,102.54,,0.65198332,0.6528,0,1710495394691,291416972,129
14.0,BLOCK-132166,700,,,14.0,sell,67176.35,BTC-27DEC24-15000-P,95.09,,0.0035992,0.0036,2,1710495394691,291416969,116
0.6,BLOCK-132166,700,,,0.6,buy,67176.35,BTC-31MAY24-60000-C,75.8,,0.21857592,0.2146,0,1710495394691,291416970,126
1.3,BLOCK-132166,700,,,1.3,buy,67176.35,BTC-27SEP24-23000-P,84.87,,0.00587357,0.0039,2,1710495394691,291416974,151
5.4,BLOCK-132166,700,,,5.4,buy,67176.35,BTC-27DEC24-59000-P,78.28,,0.14457548,0.1437,0,1710495394691,291416973,33
0.9,BLOCK-132166,700,,,0.9,sell,67176.35,BTC-28JUN24-39000-P,88.28,,0.01416147,0.0165,0,1710495394690,291416956,279
1.6,BLOCK-132166,700,,,1.6,buy,67176.35,BTC-27DEC24-39000-P,79.35,,0.0460132,0.0443,0,1710495394690,291416953,48
7.2,BLOCK-132166,700,,,7.2,sell,67176.35,BTC-26APR24-41000-P,104.0,,0.00583119,0.0081,0,1710495394690,291416954,538
1.2,BLOCK-132166,700,,,1.2,buy,67176.35,BTC-27DEC24-160000-P,86.77,,1.19224246,1.1963,2,1710495394690,291416960,34
4.1,BLOCK-132166,700,,,4.1,buy,67176.35,BTC-28JUN24-58000-C,75.63,,0.26103279,0.2571,2,1710495394689,291416945,386
0.1,BLOCK-132166,700,,,0.1,buy,67176.35,BTC-29MAR24-72000-P,78.26,,0.09701254,0.0984,2,1710495394689,291416946,320
3.3,BLOCK-132166,700,,,3.3,sell,67176.35,BTC-27SEP24-36000-P,85.62,,0.02413946,0.0264,0,1710495394689,291416948,90
0.1,BLOCK-132166,700,,,0.1,sell,67176.35,BTC-28JUN24-38000-C,85.81,,0.47962749,0.48,2,1710495394689,291416936,261
0.2,BLOCK-132166,700,,,0.2,buy,67176.35,BTC-27SEP24-25000-P,85.12,,0.00785292,0.0058,2,1710495394689,291416949,272
5.0,BLOCK-132166,700,,,5.0,buy,67176.35,BTC-27DEC24-55000-C,77.3,,0.39745259,0.394,2,1710495394689,291416937,156
0.5,BLOCK-132166,700,,,0.5,sell,67176.35,BTC-29MAR24-30000-C,150.96,,0.55781117,0.5578,2,1710495394689,291416938,1426
2.0,BLOCK-132166,700,,,2.0,buy,67176.35,BTC-27DEC24-56000-P,78.36,,0.12606254,0.1251,0,1710495394689,291416943,75
4.2,BLOCK-132166,700,,,4.2,sell,67176.35,BTC-28JUN24-32000-P,96.33,,0.00666146,0.0088,0,1710495394689,291416939,399
4.2,BLOCK-132166,700,,,4.2,buy,67176.35,BTC-26APR24-62000-C,73.32,,0.15972744,0.1551,0,1710495394689,291416947,486
6.0,BLOCK-132166,700,,,6.0,buy,67176.35,BTC-27SEP24-48000-C,77.86,,0.41284192,0.4092,2,1710495394689,291416935,79
2.9,BLOCK-132166,700,,,2.9,buy,67176.35,BTC-31MAY24-55000-C,76.09,,0.26574829,0.2617,2,1710495394688,291416917,76
12.9,BLOCK-132166,700,,,12.9,buy,67176.35,BTC-28JUN24-51000-C,76.13,,0.32833898,0.3242,2,1710495394688,291416922,282
9.5,BLOCK-132166,700,,,9.5,buy,67176.35,BTC-31MAY24-54000-C,76.26,,0.2760379,0.272,2,1710495394688,291416920,47
2.3,BLOCK-132166,700,,,2.3,sell,67176.35,BTC-27DEC24-25000-C,87.03,,0.68459061,0.6856,0,1710495394688,291416927,24
0.2,BLOCK-132166,700,,,0.2,sell,67176.35,BTC-27SEP24-42000-P,83.27,,0.04008365,0.0426,0,1710495394688,291416932,81
3.6,BLOCK-132166,700,,,3.6,buy,67176.35,BTC-27DEC24-115000-C,81.32,,0.15421615,0.1511,2,1710495394687,291416902,124
4.2,BLOCK-132166,700,,,4.2,sell,67176.35,BTC-26APR24-57000-C,78.84,,0.21018478,0.2097,0,1710495394687,291416910,131
4.7,BLOCK-132166,700,,,4.7,sell,67176.35,BTC-29MAR24-42000-C,114.57,,0.38235785,0.3817,2,1710495394687,291416907,606
4.3,BLOCK-132166,700,,,4.3,buy,67176.35,BTC-31MAY24-20000-P,113.41,,0.00064684,0.0007,0,1710495394687,291416914,86
0.2,BLOCK-132166,700,,,0.2,buy,67176.35,BTC-26APR24-63000-C,73.37,,0.15060187,0.1463,2,1710495394687,291416896,221
4.2,BLOCK-132166,700,,,4.2,sell,67176.35,BTC-28JUN24-57000-C,78.22,,0.27002252,0.2701,2,1710495394687,291416898,400
3.1,BLOCK-132166,700,,,3.1,sell,67176.35,BTC-27SEP24-95000-C,81.58,,0.14748015,0.1486,2,1710495394687,291416899,188
17.3,BLOCK-132166,700,,,17.3,sell,67176.35,BTC-26APR24-36000-P,106.18,,0.0033526,0.0035,0,1710495394687,291416905,328
1.4,BLOCK-132166,700,,,1.4,buy,67176.35,BTC-28JUN24-32000-C,77.53,,0.55768699,0.554,2,1710495394686,291416868,522
1.2,BLOCK-132166,700,,,1.2,sell,67176.35,BTC-28JUN24-31000-C,92.64,,0.57086503,0.5714,0,1710495394686,291416870,355
10.3,BLOCK-132166,700,,,10.3,buy,67176.35,BTC-28JUN24-52000-C,76.01,,0.31801454,0.3139,2,1710495394686,291416891,397
4.7,BLOCK-132166,700,,,4.7,buy,67176.35,BTC-27DEC24-62000-C,77.17,,0.34957066,0.3461,2,1710495394686,291416886,42
0.6,BLOCK-132166,700,,,0.6,sell,67176.35,BTC-27DEC24-43000-P,81.29,,0.06091617,0.0635,0,1710495394686,291416894,82
0.9,BLOCK-132166,700,,,0.9,buy,67176.35,BTC-27SEP24-33000-C,80.17,,0.57200951,0.5687,2,1710495394686,291416889,63
3.7,BLOCK-132166,700,,,3.7,sell,67176.35,BTC-28JUN24-27000-C,98.48,,0.62468097,0.6254,2,1710495394686,291416866,546
3.9,BLOCK-132166,700,,,3.9,buy,67176.35,BTC-28JUN24-27000-P,96.3,,0.00350318,0.0036,0,1710495394686,291416882,624
7.3,BLOCK-132166,700,,,7.3,sell,67176.35,BTC-27DEC24-65000-P,79.45,,0.18472232,0.1882,0,1710495394686,291416874,88
3.1,BLOCK-132166,700,,,3.1,sell,67176.35,BTC-27DEC24-46000-C,79.75,,0.46925023,0.47,0,1710495394686,291416890,75
0.9,BLOCK-132166,700,,,0.9,sell,67176.35,BTC-27DEC24-61000-P,79.7,,0.15751902,0.1609,0,1710495394686,291416893,31
0.5,BLOCK-132166,700,,,0.5,sell,67176.35,BTC-26APR24-56000-C,79.39,,0.22128444,0.2208,2,1710495394686,291416864,566
18.5,BLOCK-132166,700,,,18.5,sell,67176.35,BTC-29MAR24-25000-P,174.37,,8.514e-05,0.0001,2,1710495394685,291416859,1553
0.2,BLOCK-132166,700,,,0.2,buy,67176.35,BTC-28JUN24-22000-C,0.0,,0.69305817,0.6899,0,1710495394685,291416844,40
3.2,BLOCK-132166,700,,,3.2,sell,67176.35,BTC-27SEP24-29000-P,90.58,,0.01214997,0.0143,0,1710495394685,291416842,128
0.3,BLOCK-132166,700,,,0.3,buy,67176.35,BTC-28JUN24-28000-P,95.13,,0.00400129,0.0041,0,1710495394685,291416839,616
3.9,BLOCK-132166,700,,,3.9,buy,67176.35,BTC-29MAR24-21000-P,203.57,,1.118e-05,0.0001,3,1710495394685,291416857,795
8.2,BLOCK-132166,700,,,8.2,sell,67176.35,BTC-27DEC24-20000-P,92.83,,0.00654273,0.0087,0,1710495394685,291416835,114
0.8,BLOCK-132166,700,,,0.8,buy,67176.35,BTC-28JUN24-54000-C,75.83,,0.29810447,0.294,2,1710495394685,291416846,362
0.9,BLOCK-132166,700,,,0.9,buy,67176.35,BTC-29MAR24-74000-P,79.02,,0.11812405,0.1199,0,1710495394685,291416847,48
1.2,BLOCK-132166,700,,,1.2,sell,67176.35,BTC-27SEP24-31000-C,86.79,,0.59583975,0.5966,2,1710495394685,291416850,52
3.6,BLOCK-132166,700,,,3.6,buy,67176.35,BTC-28JUN24-53000-C,75.89,,0.30790336,0.3038,2,1710495394685,291416863,303
5.2,BLOCK-132166,700,,,5.2,sell,67176.35,BTC-29MAR24-20000-P,211.77,,6.08e-06,0.0001,3,1710495394685,291416834,856
0.6,BLOCK-132166,700,,,0.6,buy,67176.35,BTC-27SEP24-44000-P,79.84,,0.04674723,0.0451,0,1710495394685,291416849,56
0.1,BLOCK-132166,700,,,0.1,sell,67176.35,BTC-22MAR24-58000-C,90.26,,0.14818538,0.1468,2,1710495394685,291416861,8
0.5,BLOCK-132166,700,,,0.5,sell,67176.35,BTC-28JUN24-33000-C,90.54,,0.54447275,0.5449,2,1710495394685,291416862,250
2.1,BLOCK-132166,700,,,2.1,sell,67176.35,BTC-28JUN24-21000-P,103.34,,0.00135435,0.0014,0,1710495394685,291416848,359
0.6,BLOCK-132166,700,,,0.6,buy,67176.35,BTC-28JUN24-34000-P,84.03,,0.00836927,0.0064,0,1710495394685,291416853,314
2.2,BLOCK-132166,700,,,2.2,buy,67176.35,BTC-28JUN24-53000-P,78.0,,0.05151733,0.0501,0,1710495394684,291416800,140
5.5,BLOCK-132166,700,,,5.5,sell,67176.35,BTC-28JUN24-26000-P,97.27,,0.00302138,0.0031,0,1710495394684,291416810,425
1.4,BLOCK-132166,700,,,1.4,buy,67176.35,BTC-27SEP24-41000-C,78.71,,0.48264672,0.4791,0,1710495394684,291416829,66
4.0,BLOCK-132166,700,,,4.0,buy,67176.35,BTC-27DEC24-56000-C,77.3,,0.3902554,0.3868,2,1710495394684,291416822,59
1.1,BLOCK-132166,700,,,1.1,sell,67176.35,BTC-27DEC24-51000-P,80.23,,0.09800039,0.1008,0,1710495394684,291416814,74
26.9,BLOCK-132166,700,,,26.9,sell,67176.35,BTC-28JUN24-50000-C,79.68,,0.33879705,0.3389,2,1710495394684,291416812,2659
2.0,BLOCK-132166,700,,,2.0,buy,67176.35,BTC-31MAY24-69000-C,76.14,,0.15107043,0.1473,2,1710495394684,291416825,194
4.9,BLOCK-132166,700,,,4.9,sell,67176.35,BTC-27DEC24-34000-P,83.59,,0.03105951,0.0333,0,1710495394684,291416802,97
0.1,BLOCK-132166,700,,,0.1,sell,67176.35,BTC-29MAR24-24000-C,207.61,,0.64603024,0.6465,2,1710495394684,291416830,30
0.7,BLOCK-132166,700,,,0.7,buy,67176.35,BTC-27SEP24-58000-P,78.81,,0.11268749,0.1118,0,1710495394684,291416803,14
26.5,BLOCK-132166,700,,,26.5,buy,67176.35,BTC-28JUN24-48000-P,79.07,,0.03397412,0.0324,0,1710495394684,291416807,365
4.0,BLOCK-132166,700,,,4.0,buy,67176.35,BTC-27DEC24-95000-C,79.28,,0.20298272,0.1994,0,1710495394684,291416798,177
3.3,BLOCK-132166,700,,,3.3,buy,67176.35,BTC-27DEC24-49000-C,77.49,,0.44399606,0.4405,2,1710495394684,291416820,53
0.3,BLOCK-132166,700,,,0.3,buy,67176.35,BTC-26APR24-35000-C,0.0,,0.49734955,0.4934,2,1710495394684,291416799,13
2.7,BLOCK-132166,700,,,2.7,buy,67176.35,BTC-27DEC24-48000-C,77.55,,0.45227389,0.4488,2,1710495394684,291416809,71
0.8,BLOCK-132166,700,,,0.8,sell,67176.35,BTC-27SEP24-47000-P,81.85,,0.05782475,0.0604,0,1710495394684,291416795,37
1.2,BLOCK-132166,700,,,1.2,buy,67176.35,BTC-28JUN24-42000-P,80.71,,0.01926879,0.0175,2,1710495394684,291416818,428
6.3,BLOCK-132166,700,,,6.3,buy,67176.35,BTC-28JUN24-22000-P,103.21,,0.00172812,0.0018,0,1710495394684,291416831,487
1.8,BLOCK-132166,700,,,1.8,sell,67176.35,BTC-28JUN24-29000-C,96.12,,0.59779979,0.5985,2,1710495394684,291416833,294
11.9,BLOCK-132166,700,,,11.9,sell,67176.35,BTC-28JUN24-29000-P,94.54,,0.0046829,0.0048,0,1710495394684,291416804,371
0.5,BLOCK-132166,700,,,0.5,buy,67176.35,BTC-27SEP24-21000-P,93.42,,0.0044039,0.0045,2,1710495394683,291416784,158
10.6,BLOCK-132166,700,,,10.6,buy,67176.35,BTC-27SEP24-26000-P,84.88,,0.00885214,0.0068,0,1710495394683,291416782,122
0.8,BLOCK-132166,700,,,0.8,buy,67176.35,BTC-28JUN24-34000-C,78.35,,0.53133389,0.5276,2,1710495394683,291416792,207
0.3,BLOCK-132166,700,,,0.3,buy,67176.35,BTC-27DEC24-31000-P,80.76,,0.02382717,0.0219,0,1710495394683,291416789,45
5.1,BLOCK-132166,700,,,5.1,buy,67176.35,BTC-28JUN24-42000-C,77.56,,0.42998979,0.4261,2,1710495394682,291416775,450
1.1,BLOCK-132166,700,,,1.1,sell,67176.35,BTC-27DEC24-41000-C,80.49,,0.51446517,0.5152,2,1710495394682,291416774,19
0.5,BLOCK-132166,700,,,0.5,sell,67176.35,BTC-27DEC24-15000-C,100.81,,0.806508,0.808,2,1710495394682,291416778,5
0.2,BLOCK-132166,700,,,0.2,buy,67176.35,BTC-27DEC24-32000-P,80.46,,0.02598452,0.0241,2,1710495394682,291416771,40
28.8,BLOCK-132166,700,,,28.8,sell,67176.35,BTC-28JUN24-35000-P,92.41,,0.00938009,0.0115,0,1710495394682,291416773,745
2.7,BLOCK-132166,700,,,2.7,buy,67176.35,BTC-29MAR24-46000-C,0.0,,0.32482534,0.3196,2,1710495394681,291416751,898
1.8,BLOCK-132166,700,,,1.8,buy,67176.35,BTC-27DEC24-63000-C,77.17,,0.34318788,0.3398,2,1710495394681,291416760,41
1.2,BLOCK-132166,700,,,1.2,buy,67176.35,BTC-28JUN24-49000-C,76.34,,0.34956419,0.3454,2,1710495394681,291416763,452
23.8,BLOCK-132166,700,,,23.8,sell,67176.35,BTC-29MAR24-15000-P,260.32,,1.1e-07,0.0001,3,1710495394681,291416745,739
0.4,BLOCK-132166,700,,,0.4,sell,67176.35,BTC-28JUN24-24000-C,103.95,,0.66554916,0.6664,0,1710495394681,291416747,33
5.4,BLOCK-132166,700,,,5.4,sell,67176.35,BTC-26APR24-47000-C,86.96,,0.33223959,0.3319,2,1710495394681,291416766,156
1.3,BLOCK-132166,700,,,1.3,sell,67176.35,BTC-29MAR24-52000-C,93.83,,0.23971546,0.2385,2,1710495394681,291416753,1976
1.2,BLOCK-132166,700,,,1.2,buy,67176.35,BTC-29MAR24-19000-P,220.39,,3.13e-06,0.0001,3,1710495394681,291416750,584
2.0,BLOCK-132166,700,,,2.0,buy,67176.35,BTC-27DEC24-44000-P,78.92,,0.06504641,0.0635,0,1710495394681,291416761,81
3.1,BLOCK-132166,700,,,3.1,sell,67176.35,BTC-31MAY24-78000-C,79.47,,0.10370388,0.1043,2,1710495394680,291416731,101
2.1,BLOCK-132166,700,,,2.1,buy,67176.35,BTC-27SEP24-53000-C,77.66,,0.36850812,0.3649,0,1710495394680,291416729,32
0.7,BLOCK-132166,700,,,0.7,sell,67176.35,BTC-29MAR24-31000-C,139.83,,0.54296248,0.543,2,1710495394680,291416740,541
1.2,BLOCK-132166,700,,,1.2,sell,67176.35,BTC-27SEP24-30000-C,87.54,,0.60789055,0.6087,2,1710495394680,291416738,210
0.9,BLOCK-132166,700,,,0.9,sell,67176.35,BTC-26APR24-46000-C,88.4,,0.34569928,0.3453,0,1710495394680,291416717,178
3.7,BLOCK-132166,700,,,3.7,sell,67176.35,BTC-27SEP24-35000-P,86.2,,0.02203281,0.0243,0,1710495394680,291416737,139
1.3,BLOCK-132166,700,,,1.3,buy,67176.35,BTC-27SEP24-57000-C,77.61,,0.33611878,0.3327,2,1710495394680,291416732,192
5.2,BLOCK-132166,700,,,5.2,sell,67176.35,BTC-28JUN24-23000-C,106.41,,0.67927891,0.6802,0,1710495394680,291416742,43
3.9,BLOCK-132166,700,,,3.9,buy,67176.35,BTC-27DEC24-42000-P,79.04,,0.0569818,0.0553,2,1710495394680,291416739,86
0.1,BLOCK-132166,700,,,0.1,buy,67176.35,BTC-31MAY24-56000-C,75.98,,0.2557168,0.2517,0,1710495394680,291416718,34
0.1,BLOCK-132166,700,,,0.1,buy,67176.35,BTC-27SEP24-52000-C,77.69,,0.37696456,0.3734,2,1710495394680,291416735,46
1.8,BLOCK-132166,700,,,1.8,buy,67176.35,BTC-28JUN24-41000-C,77.71,,0.44224723,0.4383,2,1710495394680,291416734,283
5.7,BLOCK-132166,700,,,5.7,buy,67176.35,BTC-29MAR24-28000-P,166.04,,0.00022208,0.0002,1,1710495394680,291416719,1050
1.9,BLOCK-132166,700,,,1.9,buy,67176.35,BTC-27DEC24-135000-C,82.65,,0.11953684,0.1165,2,1710495394680,291416723,90
1.2,BLOCK-132166,700,,,1.2,buy,67176.35,BTC-31MAY24-68000-C,76.06,,0.15745692,0.1537,2,1710495394680,291416743,153
0.1,BLOCK-132166,700,,,0.1,buy,67176.35,BTC-29MAR24-10000-C,0.0,,0.85251159,0.8497,0,1710495394679,291416695,12
2.7,BLOCK-132166,700,,,2.7,buy,67176.35,BTC-29MAR24-36000-C,0.0,,0.46971528,0.4652,2,1710495394679,291416716,865
2.1,BLOCK-132166,700,,,2.1,buy,67176.35,BTC-27SEP24-85000-P,80.49,,0.32961463,0.3303,0,1710495394679,291416710,12
0.2,BLOCK-132166,700,,,0.2,buy,67176.35,BTC-28JUN24-39000-C,78.07,,0.46697383,0.4632,0,1710495394679,291416704,263
6.3,BLOCK-132166,700,,,6.3,buy,67176.35,BTC-29MAR24-26000-P,167.81,,0.00012983,0.0001,3,1710495394679,291416686,868
0.7,BLOCK-132166,700,,,0.7,sell,67176.35,BTC-28JUN24-35000-C,88.58,,0.51837462,0.5187,2,1710495394679,291416713,754
0.2,BLOCK-132166,700,,,0.2,buy,67176.35,BTC-29MAR24-26000-C,0.0,,0.61660417,0.6128,2,1710495394679,291416688,246
2.3,BLOCK-132166,700,,,2.3,sell,67176.35,BTC-28JUN24-24000-P,99.58,,0.00228001,0.0023,2,1710495394679,291416709,495
0.1,BLOCK-132166,700,,,0.1,sell,67176.35,BTC-27SEP24-22000-C,95.6,,0.70757908,0.7088,0,1710495394679,291416703,18
7.2,BLOCK-132166,700,,,7.2,buy,67176.35,BTC-26APR24-58000-C,74.2,,0.19940163,0.1949,2,1710495394679,291416687,686
0.3,BLOCK-132166,700,,,0.3,sell,67176.35,BTC-27SEP24-49000-C,80.19,,0.40363732,0.4042,0,1710495394679,291416702,82
4.8,BLOCK-132166,700,,,4.8,sell,67176.35,BTC-27DEC24-52000-P,80.21,,0.10333612,0.1063,0,1710495394679,291416696,102
1.8,BLOCK-132166,700,,,1.8,buy,67176.35,BTC-29MAR24-25000-C,0.0,,0.63131028,0.6276,0,1710495394678,291416655,157
0.4,BLOCK-132166,700,,,0.4,buy,67176.35,BTC-29MAR24-80000-P,84.05,,0.19152524,0.1943,2,1710495394678,291416671,60
0.7,BLOCK-132166,700,,,0.7,sell,67176.35,BTC-28JUN24-48000-C,80.26,,0.36051242,0.3605,2,1710495394678,291416683,313
0.1,BLOCK-132166,700,,,0.1,sell,67176.35,BTC-27SEP24-21000-C,97.1,,0.72045347,0.7217,0,1710495394678,291416667,20
4.1,BLOCK-132166,700,,,4.1,sell,67176.35,BTC-27DEC24-40000-C,80.49,,0.52370162,0.5244,2,1710495394678,291416675,367
9.9,BLOCK-132166,700,,,9.9,sell,67176.35,BTC-27SEP24-10000-P,110.33,,0.00056796,0.0006,2,1710495394678,291416659,155
6.2,BLOCK-132166,700,,,6.2,buy,67176.35,BTC-27SEP24-32000-P,82.58,,0.01654896,0.0146,2,1710495394678,291416677,96
1.2,BLOCK-132166,700,,,1.2,sell,67176.35,BTC-27DEC24-47000-C,79.62,,0.46070359,0.4614,0,1710495394678,291416658,60
7.7,BLOCK-132166,700,,,7.7,buy,67176.35,BTC-29MAR24-27000-P,172.49,,0.00019324,0.0002,0,1710495394678,291416653,922
0.5,BLOCK-132166,700,,,0.5,buy,67176.35,BTC-27SEP24-46000-P,79.52,,0.05391165,0.0524,0,1710495394678,291416657,42
1.0,BLOCK-132166,700,,,1.0,sell,67176.35,BTC-22MAR24-61000-C,85.9,,0.10938445,0.1084,2,1710495394677,291416644,200
12.6,BLOCK-132166,700,,,12.6,buy,67176.35,BTC-26APR24-37000-P,103.79,,0.00375679,0.0038,2,1710495394677,291416650,300
2.7,BLOCK-132166,700,,,2.7,sell,67176.35,BTC-27SEP24-50000-C,80.03,,0.39456536,0.3951,2,1710495394677,291416643,659
0.5,BLOCK-132166,700,,,0.5,buy,67176.35,BTC-27DEC24-90000-P,80.18,,0.40165538,0.4021,0,1710495394677,291416651,59
1.2,BLOCK-132166,700,,,1.2,sell,67176.35,BTC-27SEP24-47000-C,80.47,,0.42237152,0.4228,2,1710495394677,291416640,92
2.6,BLOCK-132166,700,,,2.6,buy,67176.35,BTC-31MAY24-53000-C,76.39,,0.28659528,0.2825,0,1710495394677,291416645,102
3.3,BLOCK-132166,700,,,3.3,buy,67176.35,BTC-27DEC24-29000-P,81.29,,0.01972222,0.0178,2,1710495394677,291416646,99
0.4,,,,,0.4,sell,66812.57,BTC-17MAR24-72500-P,92.54,,0.0872827,0.088,0,1710495237321,291415703,23
0.3,,,,,0.3,sell,67034.45,BTC-17MAR24-72000-P,85.63,,0.07707538,0.077,0,1710494815536,291412754,26
0.3,,,,,0.3,buy,66983.38,BTC-17MAR24-73500-P,93.62,,0.09843204,0.099,2,1710494563998,291410148,31
0.2,,,,,0.2,buy,66099.97,BTC-27SEP24-100000-P,81.35,,0.4992424,0.5,2,1710493791746,291392864,10
12.5,BLOCK-132137,2,BTC-PS-16MAR24-73000_72000,,12.5,buy,66290.26,BTC-16MAR24-73000-P,143.13,,0.10117883,0.1036,0,1710493780662,291392538,54
0.9,,,,,0.9,buy,67289.55,BTC-16MAR24-78000-C,111.66,,0.00015628,0.0001,3,1710492911982,291381483,86
0.9,,,,,0.9,sell,67842.5,BTC-17MAR24-83000-C,102.46,,8.992e-05,0.0001,3,1710491588244,291371168,26
0.1,,,,,0.1,sell,68405.73,BTC-17MAR24-84000-C,103.4,,0.00020436,0.0001,2,1710489648286,291356891,6
0.3,,,,,0.3,buy,68460.63,BTC-15MAR24-71000-C,999.0,,0.0,0.0045,0,1710489497378,291355411,982
1.0,,,,,1.0,buy,68463.45,BTC-16MAR24-71500-P,89.34,,0.04770856,0.048,0,1710489413693,291354934,165
0.1,,,,,0.1,buy,68524.73,BTC-15MAR24-68500-P,25.67,,0.0002765,0.0001,3,1710489363335,291354548,679
0.1,,,,,0.1,buy,68525.6,BTC-15MAR24-68500-C,35.24,,0.00049739,0.0004,0,1710489274599,291352745,405
0.1,,,,,0.1,buy,68692.49,BTC-15MAR24-61000-P,999.0,,0.0,0.0001,2,1710489113761,291350456,1007
0.1,,,,,0.1,buy,68812.09,BTC-15MAR24-69000-C,66.82,,0.00018105,0.0001,3,1710488804748,291347805,771
0.5,,,,,0.5,sell,68641.76,BTC-15MAR24-73500-C,646.26,M,0.0,0.0003,0,1710488689313,291346611,385
1.0,,,,,1.0,buy,68505.46,BTC-15MAR24-65000-P,409.18,,0.0,0.0001,3,1710488553849,291345234,1158
1.0,,,,,1.0,sell,68512.82,BTC-17MAR24-85000-C,107.7,,0.00021955,0.0001,2,1710488539638,291345128,19
0.1,,,,,0.1,sell,68534.13,BTC-15MAR24-68000-P,70.28,,0.00018707,0.0001,3,1710488333240,291343739,1025
1.0,,,,,1.0,buy,68575.39,BTC-15MAR24-68000-C,82.56,,0.00798988,0.008,1,1710488258914,291343157,1158
0.1,,,,,0.1,buy,68638.96,BTC-15MAR24-69500-C,108.35,,0.00017395,0.0001,3,1710488203531,291342486,519
0.1,,,,,0.1,sell,68638.96,BTC-15MAR24-69500-P,243.61,,0.01333439,0.015,3,1710488203526,291342485,694
0.5,,,,,0.5,sell,68638.87,BTC-15MAR24-71500-P,506.2,,0.04339877,0.044,2,1710488201870,291342466,632
0.5,,,,,0.5,sell,68489.89,BTC-15MAR24-71000-P,419.96,,0.03771084,0.0385,0,1710488121478,291341736,946
1.2,,,,,1.2,buy,68489.89,BTC-15MAR24-61000-C,0.0,,0.10844769,0.108,2,1710488121256,291341735,237
1.1,,,,,1.1,buy,68489.89,BTC-15MAR24-57000-C,0.0,,0.16691014,0.1665,2,1710488121166,291341733,475
1.0,,,,,1.0,buy,68396.24,BTC-15MAR24-70000-P,286.82,,0.02378584,0.025,3,1710488061927,291341276,1003
1.0,,,,,1.0,buy,68350.32,BTC-15MAR24-67000-C,0.0,,0.01958516,0.019,0,1710488055481,291341235,652
2.0,,,,,2.0,sell,68234.78,BTC-15MAR24-67500-P,85.82,,0.00027004,0.0001,2,1710487930105,291340400,540
0.2,,,,,0.2,sell,68192.35,BTC-17MAR24-86000-C,114.56,,0.00023311,0.0001,3,1710487912919,291340258,3
0.1,,,,,0.1,buy,68210.26,BTC-15MAR24-67000-P,111.56,,0.00017129,0.0001,3,1710487366899,291337983,719
0.2,,,,,0.2,buy,68192.69,BTC-15MAR24-69000-P,101.75,,0.01189712,0.012,1,1710487128733,291336882,892
0.1,,,,,0.1,sell,68199.14,BTC-15MAR24-64500-P,277.67,,3.49e-06,0.0001,3,1710487111437,291336841,381
0.1,,,,,0.1,sell,68202.61,BTC-15MAR24-64000-P,311.55,,7.6e-07,0.0001,3,1710487100587,291336819,1095
0.1,,,,,0.1,sell,68376.49,BTC-15MAR24-71500-C,223.17,,4.74e-06,0.0001,3,1710487040050,291336457,425
0.1,,,,,0.1,sell,68350.58,BTC-15MAR24-62000-C,0.0,,0.09340146,0.093,0,1710486459430,291335123,1025
1.5,,,,,1.5,sell,68393.41,BTC-15MAR24-70000-C,114.06,,0.00022937,0.0001,2,1710486429400,291335018,2943
2.0,,,,,2.0,sell,68418.94,BTC-15MAR24-70500-C,138.06,,0.0001412,0.0001,2,1710486269173,291334660,489
12.5,BLOCK-132108,2,,,12.5,buy,68478.49,BTC-15MAR24-72500-P,357.88,,0.05826717,0.0593,0,1710486224929,291334556,336
0.1,,,,,0.1,buy,68469.29,BTC-17MAR24-73000-P,77.94,,0.06922826,0.0685,1,1710486107192,291334105,13
0.1,,,,,0.1,buy,68532.74,BTC-15MAR24-72500-C,232.05,,4.04e-06,0.0001,2,1710486068515,291334021,501
0.4,,,,,0.4,sell,68532.74,BTC-15MAR24-73000-C,300.35,,1.09e-06,0.0003,1,1710486067626,291334019,589
0.1,,,,,0.1,sell,68552.64,BTC-15MAR24-66500-P,139.59,,9.408e-05,0.0001,3,1710486051920,291333955,449
1.0,,,,,1.0,buy,68615.19,BTC-17MAR24-82000-C,109.53,,0.00029934,0.0005,3,1710486038087,291333912,5
0.1,,,,,0.1,sell,68520.24,BTC-15MAR24-73000-P,335.4,,0.06473325,0.0655,2,1710485904782,291333140,566
0.5,,,,,0.5,sell,68454.3,BTC-15MAR24-66000-P,159.73,,8.86e-05,0.0001,2,1710485874067,291333018,1044
0.5,,,,,0.5,sell,68350.67,BTC-15MAR24-65500-P,173.93,,0.00011372,0.0001,2,1710485529561,291331449,433
0.1,,,,,0.1,sell,68464.95,BTC-15MAR24-63500-P,251.29,,3.287e-05,0.0001,3,1710484433599,291326389,315
0.1,,,,,0.1,sell,67698.91,BTC-15MAR24-63000-P,214.99,,0.0001052,0.0001,2,1710483110482,291317281,1039
0.3,,,,,0.3,sell,67588.52,BTC-15MAR24-72000-C,182.05,,2.803e-05,0.0001,3,1710482499968,291315542,2391
2.0,,,,,2.0,buy,67588.86,BTC-15MAR24-67500-C,94.55,,0.00667196,0.0065,2,1710482442575,291315319,291
0.2,,,,,0.2,buy,67526.68,BTC-15MAR24-64000-C,190.02,,0.0524414,0.0525,1,1710482323594,291314737,1255
0.2,,,,,0.2,buy,67478.29,BTC-15MAR24-66000-C,129.07,,0.02364003,0.0235,3,1710481997164,291313627,858
2.0,,,,,2.0,sell,67273.22,BTC-28JUN24-80000-P,79.18,M,0.24148515,0.243,0,1710481496161,291311597,147
0.1,,,,,0.1,buy,67431.07,BTC-15MAR24-84000-P,533.27,,0.24544763,0.246,1,1710481288512,291310274,8
0.2,,,,,0.2,buy,67431.07,BTC-15MAR24-78000-P,369.09,,0.15648709,0.157,0,1710481288350,291310273,6
0.1,,,,,0.1,sell,67898.31,BTC-15MAR24-65500-C,107.74,,0.03660124,0.036,1,1710480661407,291307962,41
0.6,,,,,0.6,sell,67840.48,BTC-15MAR24-65000-C,173.5,,0.04265667,0.043,0,1710480643028,291307794,529
0.2,,,,,0.2,sell,67805.44,BTC-15MAR24-62000-P,217.63,,6.771e-05,0.0001,3,1710480223979,291306838,1318
0.5,,,,,0.5,sell,67697.34,BTC-15MAR24-70500-P,134.37,,0.04191041,0.042,1,1710480127452,291306555,501
0.1,,,,,0.1,buy,67893.69,BTC-26APR24-79000-P,76.63,,0.18268895,0.184,0,1710479841967,291305260,7
0.1,,,,,0.1,sell,68096.91,BTC-31MAY24-78000-P,76.9,,0.19592847,0.196,0,1710479771533,291305044,29
1.0,,,,,1.0,sell,67887.12,BTC-15MAR24-62500-P,229.09,,0.00014323,0.0003,0,1710479618260,291304583,308
0.1,,,,,0.1,buy,67650.79,BTC-26APR24-76000-P,74.53,,0.15532242,0.1545,0,1710478949847,291299285,39
0.1,,,,,0.1,sell,67499.72,BTC-17MAR24-81000-C,102.46,,0.00048403,0.0003,2,1710478632952,291297717,24
0.4,,,,,0.4,sell,67510.66,BTC-27DEC24-135000-P,84.38,,0.87963269,0.8795,3,1710478373292,291296355,17
0.1,,,,,0.1,sell,67256.89,BTC-15MAR24-76000-C,253.76,,1.38e-06,0.0001,3,1710478042363,291293977,1697
0.1,,,,,0.1,sell,67171.77,BTC-15MAR24-74000-C,206.65,,2.332e-05,0.0001,3,1710478011771,291293705,2155
0.1,,,,,0.1,sell,66972.19,BTC-27DEC24-63000-P,77.18,,0.16996903,0.1665,0,1710477888914,291291172,48
3.0,,,,,3.0,sell,67191.04,BTC-27SEP24-39000-P,83.17,,0.03073936,0.032,0,1710477838810,291290355,62
5.0,,,,,5.0,sell,68312.45,BTC-15MAR24-59000-P,282.59,,9.533e-05,0.0001,2,1710476353038,291279536,818
0.2,,,,,0.2,sell,67966.92,BTC-5APR24-77000-P,73.16,,0.14729077,0.146,1,1710475651125,291274919,22
1.0,,,,,1.0,buy,67806.99,BTC-15MAR24-60000-P,281.05,,9.846e-05,0.0004,0,1710475624761,291274516,1424
0.1,,,,,0.1,sell,67789.58,BTC-5APR24-82000-P,73.75,,0.2096307,0.208,1,1710475619293,291274464,3
0.1,,,,,0.1,buy,67622.93,BTC-15MAR24-75000-C,230.24,,2.766e-05,0.0003,0,1710475550387,291273215,697
0.3,,,,,0.3,sell,68410.02,BTC-5APR24-98000-P,74.2,,0.4152169,0.413,1,1710475262352,291270396,4
5.0,,,,,5.0,buy,68490.91,BTC-31MAY24-42000-C,85.34,,0.42643443,0.4275,1,1710474895715,291267126,1
0.1,,,,,0.1,buy,68765.06,BTC-15MAR24-74500-C,180.0,,0.00024105,0.0003,1,1710474711615,291266118,319
0.5,,,,,0.5,sell,68745.08,BTC-26APR24-78000-P,74.57,,0.16421975,0.1625,2,1710474480982,291264798,46
0.6,,,,,0.6,buy,68510.05,BTC-15MAR24-64500-C,181.6,,0.05922009,0.0595,3,1710474116380,291261575,41
1.0,,,,,1.0,sell,68431.82,BTC-15MAR24-58000-P,314.96,,0.0001888,0.0002,1,1710473975344,291260434,929
0.2,,,,,0.2,sell,67974.87,BTC-15MAR24-72000-P,167.03,,0.05992843,0.0605,3,1710473572121,291255772,697
0.4,,,,,0.4,buy,67804.69,BTC-15MAR24-60000-C,224.91,,0.11499365,0.115,3,1710473466055,291253963,865
0.1,,,,,0.1,sell,68234.7,BTC-5APR24-75000-P,75.31,,0.1215981,0.123,0,1710472931891,291233848,34
1.2,,,,,1.2,sell,69365.26,BTC-5APR24-80000-P,72.31,,0.16198444,0.1605,1,1710471855238,291226236,9
3.7,,,,,3.7,buy,68765.32,BTC-15MAR24-73500-P,161.29,,0.06754768,0.07,0,1710471616857,291221771,288
0.1,,,,,0.1,buy,68856.14,BTC-15MAR24-80000-P,356.31,,0.16153733,0.1635,0,1710471616063,291221676,9
0.2,,,,,0.2,buy,68856.14,BTC-15MAR24-82000-P,400.04,,0.19057575,0.1925,0,1710471616010,291221653,6
0.7,,,,,0.7,buy,68436.66,BTC-15MAR24-78000-C,233.62,,1.3e-07,0.0002,1,1710471305890,291216019,1075
0.2,,,,,0.2,buy,68029.06,BTC-28JUN24-100000-P,82.53,,0.44512024,0.45,0,1710471188551,291211617,27
0.2,,,,,0.2,buy,68584.26,BTC-15MAR24-63000-C,0.0,,0.08257631,0.08,2,1710471178484,291210279,519
0.2,,,,,0.2,sell,68698.41,BTC-15MAR24-76000-P,0.0,,0.10781842,0.106,0,1710471167046,291210067,47
0.1,,,,,0.1,sell,69487.88,BTC-15MAR24-48000-P,551.86,,1e-08,0.0001,3,1710470905074,291203561,356
0.1,,,,,0.1,buy,70780.21,BTC-17MAR24-71500-P,63.48,,0.02364058,0.024,1,1710469578223,291182154,42
2.0,,,,,2.0,buy,71911.27,BTC-15MAR24-57000-P,349.18,T,6.26e-06,0.0002,0,1710466288318,291171586,716
0.1,,,,,0.1,sell,71796.83,BTC-16MAR24-84000-C,101.74,,0.00012995,0.0001,2,1710465014529,291168176,8
0.1,,,,,0.1,sell,71883.41,BTC-16MAR24-85000-C,106.66,,0.00020282,0.0001,2,1710462441605,291160075,45
